BLOCK10/SES1092/0911092001_h_00.WAV,1,25-30,F,CAR_B,f1,r1,80-90,170-180,N,moderate
BLOCK10/SES1092/0911092002_h_00.WAV,1,25-30,F,CAR_B,f1,r1,80-90,170-180,N,moderate
BLOCK10/SES1092/0911092003_h_00.WAV,1,25-30,F,CAR_B,f1,r1,80-90,170-180,N,moderate
BLOCK10/SES1092/0911092004_h_00.WAV,1,25-30,F,CAR_B,f1,r1,80-90,170-180,N,moderate
BLOCK10/SES1092/0911092005_h_00.WAV,1,25-30,F,CAR_B,f1,r1,80-90,170-180,N,moderate
BLOCK10/SES1092/0911092006_h_00.WAV,1,25-30,F,CAR_B,f1,r1,80-90,170-180,N,moderate
BLOCK10/SES1092/0911092007_h_00.WAV,1,25-30,F,CAR_B,f1,r1,80-90,170-180,N,moderate
BLOCK10/SES1092/0911092008_h_00.WAV,1,25-30,F,CAR_B,f1,r1,80-90,170-180,N,moderate
BLOCK10/SES1092/0911092009_h_00.WAV,1,25-30,F,CAR_B,f1,r1,80-90,170-180,N,moderate
BLOCK10/SES1092/0911092010_h_00.WAV,1,25-30,F,CAR_B,f1,r1,80-90,170-180,N,moderate
BLOCK10/SES1092/0911092011_h_00.WAV,1,25-30,F,CAR_B,f1,r1,80-90,170-180,N,moderate
BLOCK10/SES1092/0911092012_h_00.WAV,1,25-30,F,CAR_B,f1,r1,80-90,170-180,N,moderate
BLOCK10/SES1092/0911092013_h_00.WAV,1,25-30,F,CAR_B,f1,r1,80-90,170-180,N,moderate
BLOCK10/SES1092/0911092014_h_00.WAV,1,25-30,F,CAR_B,f1,r1,80-90,170-180,N,moderate
BLOCK10/SES1092/0911092015_h_00.WAV,1,25-30,F,CAR_B,f1,r1,80-90,170-180,N,moderate
BLOCK10/SES1092/0911092016_h_00.WAV,1,25-30,F,CAR_B,f1,r1,80-90,170-180,N,moderate
BLOCK10/SES1092/0911092017_h_00.WAV,1,25-30,F,CAR_B,f1,r1,80-90,170-180,N,moderate
BLOCK10/SES1092/0911092018_h_00.WAV,1,25-30,F,CAR_B,f1,r1,80-90,170-180,N,moderate
BLOCK10/SES1092/0911092019_h_00.WAV,1,25-30,F,CAR_B,f1,r1,80-90,170-180,N,moderate
BLOCK10/SES1092/0911092020_h_00.WAV,1,25-30,F,CAR_B,f1,r1,80-90,170-180,N,moderate
BLOCK10/SES1092/0911092021_h_00.WAV,1,25-30,F,CAR_B,f1,r1,80-90,170-180,N,moderate
BLOCK10/SES1092/0911092022_h_00.WAV,1,25-30,F,CAR_B,f1,r1,80-90,170-180,N,moderate
BLOCK10/SES1092/0911092023_h_00.WAV,1,25-30,F,CAR_B,f1,r1,80-90,170-180,N,moderate
BLOCK10/SES1092/0911092024_h_00.WAV,1,25-30,F,CAR_B,f1,r1,80-90,170-180,N,moderate
BLOCK10/SES1092/0911092025_h_00.WAV,1,25-30,F,CAR_B,f1,r1,80-90,170-180,N,moderate
BLOCK10/SES1092/0911092026_h_00.WAV,1,25-30,F,CAR_B,f1,r1,80-90,170-180,N,moderate
BLOCK10/SES1092/0911092027_h_00.WAV,1,25-30,F,CAR_B,f1,r1,80-90,170-180,N,moderate
BLOCK10/SES1092/0911092028_h_00.WAV,1,25-30,F,CAR_B,f1,r1,80-90,170-180,N,moderate
BLOCK10/SES1092/0911092029_h_00.WAV,1,25-30,F,CAR_B,f1,r1,80-90,170-180,N,moderate
BLOCK10/SES1092/0911092030_h_00.WAV,1,25-30,F,CAR_B,f1,r1,80-90,170-180,N,moderate
BLOCK20/SES2075/0912075001_h_00.WAV,0,25-30,F,CAR_B,f1,r1,80-90,170-180,N,moderate
BLOCK20/SES2075/0912075002_h_01.WAV,0,25-30,F,CAR_B,f1,r1,80-90,170-180,N,moderate
BLOCK20/SES2075/0912075003_h_01.WAV,0,25-30,F,CAR_B,f1,r1,80-90,170-180,N,moderate
BLOCK20/SES2075/0912075004_h_00.WAV,0,25-30,F,CAR_B,f1,r1,80-90,170-180,N,moderate
BLOCK20/SES2075/0912075005_h_00.WAV,0,25-30,F,CAR_B,f1,r1,80-90,170-180,N,moderate
BLOCK20/SES2075/0912075006_h_00.WAV,0,25-30,F,CAR_B,f1,r1,80-90,170-180,N,moderate
BLOCK20/SES2075/0912075007_h_00.WAV,0,25-30,F,CAR_B,f1,r1,80-90,170-180,N,moderate
BLOCK20/SES2075/0912075008_h_00.WAV,0,25-30,F,CAR_B,f1,r1,80-90,170-180,N,moderate
BLOCK20/SES2075/0912075009_h_00.WAV,0,25-30,F,CAR_B,f1,r1,80-90,170-180,N,moderate
BLOCK20/SES2075/0912075010_h_00.WAV,0,25-30,F,CAR_B,f1,r1,80-90,170-180,N,moderate
BLOCK20/SES2075/0912075011_h_00.WAV,0,25-30,F,CAR_B,f1,r1,80-90,170-180,N,moderate
BLOCK20/SES2075/0912075012_h_00.WAV,0,25-30,F,CAR_B,f1,r1,80-90,170-180,N,moderate
BLOCK20/SES2075/0912075013_h_00.WAV,0,25-30,F,CAR_B,f1,r1,80-90,170-180,N,moderate
BLOCK20/SES2075/0912075014_h_00.WAV,0,25-30,F,CAR_B,f1,r1,80-90,170-180,N,moderate
BLOCK20/SES2075/0912075015_h_00.WAV,0,25-30,F,CAR_B,f1,r1,80-90,170-180,N,moderate
BLOCK20/SES2075/0912075016_h_00.WAV,0,25-30,F,CAR_B,f1,r1,80-90,170-180,N,moderate
BLOCK20/SES2075/0912075017_h_00.WAV,0,25-30,F,CAR_B,f1,r1,80-90,170-180,N,moderate
BLOCK20/SES2075/0912075018_h_00.WAV,0,25-30,F,CAR_B,f1,r1,80-90,170-180,N,moderate
BLOCK20/SES2075/0912075019_h_00.WAV,0,25-30,F,CAR_B,f1,r1,80-90,170-180,N,moderate
BLOCK20/SES2075/0912075020_h_00.WAV,0,25-30,F,CAR_B,f1,r1,80-90,170-180,N,moderate
BLOCK20/SES2075/0912075021_h_00.WAV,0,25-30,F,CAR_B,f1,r1,80-90,170-180,N,moderate
BLOCK20/SES2075/0912075022_h_00.WAV,0,25-30,F,CAR_B,f1,r1,80-90,170-180,N,moderate
BLOCK20/SES2075/0912075023_h_01.WAV,0,25-30,F,CAR_B,f1,r1,80-90,170-180,N,moderate
BLOCK20/SES2075/0912075024_h_00.WAV,0,25-30,F,CAR_B,f1,r1,80-90,170-180,N,moderate
BLOCK20/SES2075/0912075025_h_00.WAV,0,25-30,F,CAR_B,f1,r1,80-90,170-180,N,moderate
BLOCK20/SES2075/0912075026_h_00.WAV,0,25-30,F,CAR_B,f1,r1,80-90,170-180,N,moderate
BLOCK20/SES2075/0912075027_h_00.WAV,0,25-30,F,CAR_B,f1,r1,80-90,170-180,N,moderate
BLOCK20/SES2075/0912075028_h_00.WAV,0,25-30,F,CAR_B,f1,r1,80-90,170-180,N,moderate
BLOCK20/SES2075/0912075029_h_00.WAV,0,25-30,F,CAR_B,f1,r1,80-90,170-180,N,moderate
BLOCK20/SES2075/0912075030_h_00.WAV,0,25-30,F,CAR_B,f1,r1,80-90,170-180,N,moderate
BLOCK20/SES2075/0912075031_h_00.WAV,0,25-30,F,CAR_B,f1,r1,80-90,170-180,N,moderate
BLOCK20/SES2075/0912075032_h_00.WAV,0,25-30,F,CAR_B,f1,r1,80-90,170-180,N,moderate
BLOCK20/SES2075/0912075033_h_00.WAV,0,25-30,F,CAR_B,f1,r1,80-90,170-180,N,moderate
BLOCK20/SES2075/0912075034_h_00.WAV,0,25-30,F,CAR_B,f1,r1,80-90,170-180,N,moderate
BLOCK20/SES2075/0912075035_h_00.WAV,0,25-30,F,CAR_B,f1,r1,80-90,170-180,N,moderate
BLOCK20/SES2075/0912075036_h_00.WAV,0,25-30,F,CAR_B,f1,r1,80-90,170-180,N,moderate
BLOCK20/SES2075/0912075037_h_00.WAV,0,25-30,F,CAR_B,f1,r1,80-90,170-180,N,moderate
BLOCK20/SES2075/0912075038_h_00.WAV,0,25-30,F,CAR_B,f1,r1,80-90,170-180,N,moderate
BLOCK20/SES2075/0912075039_h_00.WAV,0,25-30,F,CAR_B,f1,r1,80-90,170-180,N,moderate
BLOCK20/SES2075/0912075040_h_00.WAV,0,25-30,F,CAR_B,f1,r1,80-90,170-180,N,moderate
BLOCK20/SES2075/0912075041_h_00.WAV,0,25-30,F,CAR_B,f1,r1,80-90,170-180,N,moderate
BLOCK20/SES2075/0912075042_h_00.WAV,0,25-30,F,CAR_B,f1,r1,80-90,170-180,N,moderate
BLOCK20/SES2075/0912075043_h_00.WAV,0,25-30,F,CAR_B,f1,r1,80-90,170-180,N,moderate
BLOCK20/SES2075/0912075044_h_00.WAV,0,25-30,F,CAR_B,f1,r1,80-90,170-180,N,moderate
BLOCK20/SES2075/0912075045_h_00.WAV,0,25-30,F,CAR_B,f1,r1,80-90,170-180,N,moderate
BLOCK20/SES2075/0912075046_h_00.WAV,0,25-30,F,CAR_B,f1,r1,80-90,170-180,N,moderate
BLOCK20/SES2075/0912075047_h_00.WAV,0,25-30,F,CAR_B,f1,r1,80-90,170-180,N,moderate
BLOCK20/SES2075/0912075048_h_00.WAV,0,25-30,F,CAR_B,f1,r1,80-90,170-180,N,moderate
BLOCK20/SES2075/0912075049_h_00.WAV,0,25-30,F,CAR_B,f1,r1,80-90,170-180,N,moderate
BLOCK20/SES2075/0912075050_h_00.WAV,0,25-30,F,CAR_B,f1,r1,80-90,170-180,N,moderate
BLOCK20/SES2075/0912075051_h_00.WAV,0,25-30,F,CAR_B,f1,r1,80-90,170-180,N,moderate
BLOCK20/SES2075/0912075052_h_00.WAV,0,25-30,F,CAR_B,f1,r1,80-90,170-180,N,moderate
BLOCK20/SES2075/0912075053_h_00.WAV,0,25-30,F,CAR_B,f1,r1,80-90,170-180,N,moderate
BLOCK20/SES2075/0912075054_h_00.WAV,0,25-30,F,CAR_B,f1,r1,80-90,170-180,N,moderate
BLOCK20/SES2075/0912075055_h_00.WAV,0,25-30,F,CAR_B,f1,r1,80-90,170-180,N,moderate
BLOCK20/SES2075/0912075056_h_00.WAV,0,25-30,F,CAR_B,f1,r1,80-90,170-180,N,moderate
BLOCK20/SES2075/0912075057_h_00.WAV,0,25-30,F,CAR_B,f1,r1,80-90,170-180,N,moderate
BLOCK20/SES2075/0912075058_h_00.WAV,0,25-30,F,CAR_B,f1,r1,80-90,170-180,N,moderate
BLOCK20/SES2075/0912075059_h_00.WAV,0,25-30,F,CAR_B,f1,r1,80-90,170-180,N,moderate
BLOCK20/SES2075/0912075060_h_00.WAV,0,25-30,F,CAR_B,f1,r1,80-90,170-180,N,moderate
BLOCK10/SES1049/0481049001_h_00.WAV,0,45-50,M,CAR_B,f5,r1,100-110,180-190,N,light
BLOCK10/SES1049/0481049002_h_01.WAV,0,45-50,M,CAR_B,f5,r1,100-110,180-190,N,light
BLOCK10/SES1049/0481049003_h_00.WAV,0,45-50,M,CAR_B,f5,r1,100-110,180-190,N,light
BLOCK10/SES1049/0481049004_h_00.WAV,0,45-50,M,CAR_B,f5,r1,100-110,180-190,N,light
BLOCK10/SES1049/0481049005_h_00.WAV,0,45-50,M,CAR_B,f5,r1,100-110,180-190,N,light
BLOCK10/SES1049/0481049006_h_00.WAV,0,45-50,M,CAR_B,f5,r1,100-110,180-190,N,light
BLOCK10/SES1049/0481049007_h_00.WAV,0,45-50,M,CAR_B,f5,r1,100-110,180-190,N,light
BLOCK10/SES1049/0481049008_h_00.WAV,0,45-50,M,CAR_B,f5,r1,100-110,180-190,N,light
BLOCK10/SES1049/0481049009_h_00.WAV,0,45-50,M,CAR_B,f5,r1,100-110,180-190,N,light
BLOCK10/SES1049/0481049010_h_00.WAV,0,45-50,M,CAR_B,f5,r1,100-110,180-190,N,light
BLOCK10/SES1049/0481049011_h_00.WAV,0,45-50,M,CAR_B,f5,r1,100-110,180-190,N,light
BLOCK10/SES1049/0481049012_h_00.WAV,0,45-50,M,CAR_B,f5,r1,100-110,180-190,N,light
BLOCK10/SES1049/0481049013_h_00.WAV,0,45-50,M,CAR_B,f5,r1,100-110,180-190,N,light
BLOCK10/SES1049/0481049014_h_00.WAV,0,45-50,M,CAR_B,f5,r1,100-110,180-190,N,light
BLOCK10/SES1049/0481049015_h_00.WAV,0,45-50,M,CAR_B,f5,r1,100-110,180-190,N,light
BLOCK10/SES1049/0481049016_h_00.WAV,0,45-50,M,CAR_B,f5,r1,100-110,180-190,N,light
BLOCK10/SES1049/0481049017_h_00.WAV,0,45-50,M,CAR_B,f5,r1,100-110,180-190,N,light
BLOCK10/SES1049/0481049018_h_00.WAV,0,45-50,M,CAR_B,f5,r1,100-110,180-190,N,light
BLOCK10/SES1049/0481049019_h_00.WAV,0,45-50,M,CAR_B,f5,r1,100-110,180-190,N,light
BLOCK10/SES1049/0481049020_h_00.WAV,0,45-50,M,CAR_B,f5,r1,100-110,180-190,N,light
BLOCK10/SES1049/0481049021_h_00.WAV,0,45-50,M,CAR_B,f5,r1,100-110,180-190,N,light
BLOCK10/SES1049/0481049022_h_00.WAV,0,45-50,M,CAR_B,f5,r1,100-110,180-190,N,light
BLOCK10/SES1049/0481049023_h_00.WAV,0,45-50,M,CAR_B,f5,r1,100-110,180-190,N,light
BLOCK10/SES1049/0481049024_h_00.WAV,0,45-50,M,CAR_B,f5,r1,100-110,180-190,N,light
BLOCK10/SES1049/0481049025_h_00.WAV,0,45-50,M,CAR_B,f5,r1,100-110,180-190,N,light
BLOCK10/SES1049/0481049026_h_00.WAV,0,45-50,M,CAR_B,f5,r1,100-110,180-190,N,light
BLOCK10/SES1049/0481049027_h_00.WAV,0,45-50,M,CAR_B,f5,r1,100-110,180-190,N,light
BLOCK10/SES1049/0481049028_h_00.WAV,0,45-50,M,CAR_B,f5,r1,100-110,180-190,N,light
BLOCK10/SES1049/0481049029_h_00.WAV,0,45-50,M,CAR_B,f5,r1,100-110,180-190,N,light
BLOCK10/SES1049/0481049030_h_00.WAV,0,45-50,M,CAR_B,f5,r1,100-110,180-190,N,light
BLOCK20/SES2055/0482055001_h_00.WAV,0,45-50,M,CAR_B,f5,r1,100-110,180-190,N,light
BLOCK20/SES2055/0482055002_h_00.WAV,0,45-50,M,CAR_B,f5,r1,100-110,180-190,N,light
BLOCK20/SES2055/0482055003_h_00.WAV,0,45-50,M,CAR_B,f5,r1,100-110,180-190,N,light
BLOCK20/SES2055/0482055004_h_00.WAV,0,45-50,M,CAR_B,f5,r1,100-110,180-190,N,light
BLOCK20/SES2055/0482055005_h_00.WAV,0,45-50,M,CAR_B,f5,r1,100-110,180-190,N,light
BLOCK20/SES2055/0482055006_h_00.WAV,0,45-50,M,CAR_B,f5,r1,100-110,180-190,N,light
BLOCK20/SES2055/0482055007_h_00.WAV,0,45-50,M,CAR_B,f5,r1,100-110,180-190,N,light
BLOCK20/SES2055/0482055008_h_00.WAV,0,45-50,M,CAR_B,f5,r1,100-110,180-190,N,light
BLOCK20/SES2055/0482055009_h_00.WAV,0,45-50,M,CAR_B,f5,r1,100-110,180-190,N,light
BLOCK20/SES2055/0482055010_h_00.WAV,0,45-50,M,CAR_B,f5,r1,100-110,180-190,N,light
BLOCK20/SES2055/0482055011_h_00.WAV,0,45-50,M,CAR_B,f5,r1,100-110,180-190,N,light
BLOCK20/SES2055/0482055012_h_00.WAV,0,45-50,M,CAR_B,f5,r1,100-110,180-190,N,light
BLOCK20/SES2055/0482055013_h_00.WAV,0,45-50,M,CAR_B,f5,r1,100-110,180-190,N,light
BLOCK20/SES2055/0482055014_h_00.WAV,0,45-50,M,CAR_B,f5,r1,100-110,180-190,N,light
BLOCK20/SES2055/0482055015_h_00.WAV,0,45-50,M,CAR_B,f5,r1,100-110,180-190,N,light
BLOCK20/SES2055/0482055016_h_00.WAV,0,45-50,M,CAR_B,f5,r1,100-110,180-190,N,light
BLOCK20/SES2055/0482055017_h_00.WAV,0,45-50,M,CAR_B,f5,r1,100-110,180-190,N,light
BLOCK20/SES2055/0482055018_h_00.WAV,0,45-50,M,CAR_B,f5,r1,100-110,180-190,N,light
BLOCK20/SES2055/0482055019_h_00.WAV,0,45-50,M,CAR_B,f5,r1,100-110,180-190,N,light
BLOCK20/SES2055/0482055020_h_00.WAV,0,45-50,M,CAR_B,f5,r1,100-110,180-190,N,light
BLOCK20/SES2055/0482055021_h_00.WAV,0,45-50,M,CAR_B,f5,r1,100-110,180-190,N,light
BLOCK20/SES2055/0482055022_h_00.WAV,0,45-50,M,CAR_B,f5,r1,100-110,180-190,N,light
BLOCK20/SES2055/0482055023_h_00.WAV,0,45-50,M,CAR_B,f5,r1,100-110,180-190,N,light
BLOCK20/SES2055/0482055024_h_00.WAV,0,45-50,M,CAR_B,f5,r1,100-110,180-190,N,light
BLOCK20/SES2055/0482055025_h_00.WAV,0,45-50,M,CAR_B,f5,r1,100-110,180-190,N,light
BLOCK20/SES2055/0482055026_h_00.WAV,0,45-50,M,CAR_B,f5,r1,100-110,180-190,N,light
BLOCK20/SES2055/0482055027_h_00.WAV,0,45-50,M,CAR_B,f5,r1,100-110,180-190,N,light
BLOCK20/SES2055/0482055028_h_00.WAV,0,45-50,M,CAR_B,f5,r1,100-110,180-190,N,light
BLOCK20/SES2055/0482055029_h_00.WAV,0,45-50,M,CAR_B,f5,r1,100-110,180-190,N,light
BLOCK20/SES2055/0482055030_h_00.WAV,0,45-50,M,CAR_B,f5,r1,100-110,180-190,N,light
BLOCK20/SES2055/0482055031_h_00.WAV,0,45-50,M,CAR_B,f5,r1,100-110,180-190,N,light
BLOCK20/SES2055/0482055032_h_00.WAV,0,45-50,M,CAR_B,f5,r1,100-110,180-190,N,light
BLOCK20/SES2055/0482055033_h_00.WAV,0,45-50,M,CAR_B,f5,r1,100-110,180-190,N,light
BLOCK20/SES2055/0482055034_h_00.WAV,0,45-50,M,CAR_B,f5,r1,100-110,180-190,N,light
BLOCK20/SES2055/0482055035_h_00.WAV,0,45-50,M,CAR_B,f5,r1,100-110,180-190,N,light
BLOCK20/SES2055/0482055036_h_00.WAV,0,45-50,M,CAR_B,f5,r1,100-110,180-190,N,light
BLOCK20/SES2055/0482055037_h_00.WAV,0,45-50,M,CAR_B,f5,r1,100-110,180-190,N,light
BLOCK20/SES2055/0482055038_h_00.WAV,0,45-50,M,CAR_B,f5,r1,100-110,180-190,N,light
BLOCK20/SES2055/0482055039_h_00.WAV,0,45-50,M,CAR_B,f5,r1,100-110,180-190,N,light
BLOCK20/SES2055/0482055040_h_00.WAV,0,45-50,M,CAR_B,f5,r1,100-110,180-190,N,light
BLOCK20/SES2055/0482055041_h_00.WAV,0,45-50,M,CAR_B,f5,r1,100-110,180-190,N,light
BLOCK20/SES2055/0482055042_h_00.WAV,0,45-50,M,CAR_B,f5,r1,100-110,180-190,N,light
BLOCK20/SES2055/0482055043_h_00.WAV,0,45-50,M,CAR_B,f5,r1,100-110,180-190,N,light
BLOCK20/SES2055/0482055044_h_00.WAV,0,45-50,M,CAR_B,f5,r1,100-110,180-190,N,light
BLOCK20/SES2055/0482055045_h_00.WAV,0,45-50,M,CAR_B,f5,r1,100-110,180-190,N,light
BLOCK20/SES2055/0482055046_h_00.WAV,0,45-50,M,CAR_B,f5,r1,100-110,180-190,N,light
BLOCK20/SES2055/0482055047_h_00.WAV,0,45-50,M,CAR_B,f5,r1,100-110,180-190,N,light
BLOCK20/SES2055/0482055048_h_00.WAV,0,45-50,M,CAR_B,f5,r1,100-110,180-190,N,light
BLOCK20/SES2055/0482055049_h_00.WAV,0,45-50,M,CAR_B,f5,r1,100-110,180-190,N,light
BLOCK20/SES2055/0482055050_h_00.WAV,0,45-50,M,CAR_B,f5,r1,100-110,180-190,N,light
BLOCK20/SES2055/0482055051_h_00.WAV,0,45-50,M,CAR_B,f5,r1,100-110,180-190,N,light
BLOCK20/SES2055/0482055052_h_00.WAV,0,45-50,M,CAR_B,f5,r1,100-110,180-190,N,light
BLOCK20/SES2055/0482055053_h_00.WAV,0,45-50,M,CAR_B,f5,r1,100-110,180-190,N,light
BLOCK20/SES2055/0482055054_h_00.WAV,0,45-50,M,CAR_B,f5,r1,100-110,180-190,N,light
BLOCK20/SES2055/0482055055_h_00.WAV,0,45-50,M,CAR_B,f5,r1,100-110,180-190,N,light
BLOCK20/SES2055/0482055056_h_00.WAV,0,45-50,M,CAR_B,f5,r1,100-110,180-190,N,light
BLOCK20/SES2055/0482055057_h_00.WAV,0,45-50,M,CAR_B,f5,r1,100-110,180-190,N,light
BLOCK20/SES2055/0482055058_h_00.WAV,0,45-50,M,CAR_B,f5,r1,100-110,180-190,N,light
BLOCK20/SES2055/0482055059_h_00.WAV,0,45-50,M,CAR_B,f5,r1,100-110,180-190,N,light
BLOCK20/SES2055/0482055060_h_00.WAV,0,45-50,M,CAR_B,f5,r1,100-110,180-190,N,light
BLOCK30/SES3005/5043005001_h_00.WAV,1,25-30,F,CAR_A,f6,r3,70-80,170-180,N,light
BLOCK30/SES3005/5043005002_h_00.WAV,1,25-30,F,CAR_A,f6,r3,70-80,170-180,N,light
BLOCK30/SES3005/5043005003_h_00.WAV,1,25-30,F,CAR_A,f6,r3,70-80,170-180,N,light
BLOCK30/SES3005/5043005004_h_00.WAV,1,25-30,F,CAR_A,f6,r3,70-80,170-180,N,light
BLOCK30/SES3005/5043005005_h_00.WAV,1,25-30,F,CAR_A,f6,r3,70-80,170-180,N,light
BLOCK30/SES3005/5043005006_h_00.WAV,1,25-30,F,CAR_A,f6,r3,70-80,170-180,N,light
BLOCK30/SES3005/5043005007_h_00.WAV,1,25-30,F,CAR_A,f6,r3,70-80,170-180,N,light
BLOCK30/SES3005/5043005008_h_00.WAV,1,25-30,F,CAR_A,f6,r3,70-80,170-180,N,light
BLOCK30/SES3005/5043005009_h_00.WAV,1,25-30,F,CAR_A,f6,r3,70-80,170-180,N,light
BLOCK30/SES3005/5043005010_h_00.WAV,1,25-30,F,CAR_A,f6,r3,70-80,170-180,N,light
BLOCK30/SES3005/5043005011_h_00.WAV,1,25-30,F,CAR_A,f6,r3,70-80,170-180,N,light
BLOCK30/SES3005/5043005012_h_00.WAV,1,25-30,F,CAR_A,f6,r3,70-80,170-180,N,light
BLOCK30/SES3005/5043005013_h_00.WAV,1,25-30,F,CAR_A,f6,r3,70-80,170-180,N,light
BLOCK30/SES3005/5043005014_h_00.WAV,1,25-30,F,CAR_A,f6,r3,70-80,170-180,N,light
BLOCK30/SES3005/5043005015_h_00.WAV,1,25-30,F,CAR_A,f6,r3,70-80,170-180,N,light
BLOCK30/SES3005/5043005016_h_00.WAV,1,25-30,F,CAR_A,f6,r3,70-80,170-180,N,light
BLOCK30/SES3005/5043005017_h_00.WAV,1,25-30,F,CAR_A,f6,r3,70-80,170-180,N,light
BLOCK30/SES3005/5043005018_h_00.WAV,1,25-30,F,CAR_A,f6,r3,70-80,170-180,N,light
BLOCK30/SES3005/5043005019_h_00.WAV,1,25-30,F,CAR_A,f6,r3,70-80,170-180,N,light
BLOCK30/SES3005/5043005020_h_00.WAV,1,25-30,F,CAR_A,f6,r3,70-80,170-180,N,light
BLOCK30/SES3005/5043005021_h_00.WAV,1,25-30,F,CAR_A,f6,r3,70-80,170-180,N,light
BLOCK30/SES3005/5043005022_h_00.WAV,1,25-30,F,CAR_A,f6,r3,70-80,170-180,N,light
BLOCK30/SES3005/5043005023_h_00.WAV,1,25-30,F,CAR_A,f6,r3,70-80,170-180,N,light
BLOCK30/SES3005/5043005024_h_00.WAV,1,25-30,F,CAR_A,f6,r3,70-80,170-180,N,light
BLOCK30/SES3005/5043005025_h_00.WAV,1,25-30,F,CAR_A,f6,r3,70-80,170-180,N,light
BLOCK30/SES3005/5043005026_h_00.WAV,1,25-30,F,CAR_A,f6,r3,70-80,170-180,N,light
BLOCK30/SES3005/5043005027_h_00.WAV,1,25-30,F,CAR_A,f6,r3,70-80,170-180,N,light
BLOCK30/SES3005/5043005028_h_00.WAV,1,25-30,F,CAR_A,f6,r3,70-80,170-180,N,light
BLOCK30/SES3005/5043005029_h_00.WAV,1,25-30,F,CAR_A,f6,r3,70-80,170-180,N,light
BLOCK30/SES3005/5043005030_h_00.WAV,1,25-30,F,CAR_A,f6,r3,70-80,170-180,N,light
BLOCK40/SES4001/5044001001_h_00.WAV,0,25-30,F,CAR_A,f5,r1,70-80,170-180,N,light
BLOCK40/SES4001/5044001002_h_00.WAV,0,25-30,F,CAR_A,f5,r1,70-80,170-180,N,light
BLOCK40/SES4001/5044001003_h_00.WAV,0,25-30,F,CAR_A,f5,r1,70-80,170-180,N,light
BLOCK40/SES4001/5044001004_h_00.WAV,0,25-30,F,CAR_A,f5,r1,70-80,170-180,N,light
BLOCK40/SES4001/5044001005_h_00.WAV,0,25-30,F,CAR_A,f5,r1,70-80,170-180,N,light
BLOCK40/SES4001/5044001006_h_00.WAV,0,25-30,F,CAR_A,f5,r1,70-80,170-180,N,light
BLOCK40/SES4001/5044001007_h_00.WAV,0,25-30,F,CAR_A,f5,r1,70-80,170-180,N,light
BLOCK40/SES4001/5044001008_h_00.WAV,0,25-30,F,CAR_A,f5,r1,70-80,170-180,N,light
BLOCK40/SES4001/5044001009_h_00.WAV,0,25-30,F,CAR_A,f5,r1,70-80,170-180,N,light
BLOCK40/SES4001/5044001010_h_00.WAV,0,25-30,F,CAR_A,f5,r1,70-80,170-180,N,light
BLOCK40/SES4001/5044001011_h_00.WAV,0,25-30,F,CAR_A,f5,r1,70-80,170-180,N,light
BLOCK40/SES4001/5044001012_h_00.WAV,0,25-30,F,CAR_A,f5,r1,70-80,170-180,N,light
BLOCK40/SES4001/5044001013_h_00.WAV,0,25-30,F,CAR_A,f5,r1,70-80,170-180,N,light
BLOCK40/SES4001/5044001014_h_00.WAV,0,25-30,F,CAR_A,f5,r1,70-80,170-180,N,light
BLOCK40/SES4001/5044001015_h_00.WAV,0,25-30,F,CAR_A,f5,r1,70-80,170-180,N,light
BLOCK40/SES4001/5044001016_h_00.WAV,0,25-30,F,CAR_A,f5,r1,70-80,170-180,N,light
BLOCK40/SES4001/5044001017_h_00.WAV,0,25-30,F,CAR_A,f5,r1,70-80,170-180,N,light
BLOCK40/SES4001/5044001018_h_00.WAV,0,25-30,F,CAR_A,f5,r1,70-80,170-180,N,light
BLOCK40/SES4001/5044001019_h_00.WAV,0,25-30,F,CAR_A,f5,r1,70-80,170-180,N,light
BLOCK40/SES4001/5044001020_h_00.WAV,0,25-30,F,CAR_A,f5,r1,70-80,170-180,N,light
BLOCK40/SES4001/5044001021_h_00.WAV,0,25-30,F,CAR_A,f5,r1,70-80,170-180,N,light
BLOCK40/SES4001/5044001022_h_00.WAV,0,25-30,F,CAR_A,f5,r1,70-80,170-180,N,light
BLOCK40/SES4001/5044001023_h_00.WAV,0,25-30,F,CAR_A,f5,r1,70-80,170-180,N,light
BLOCK40/SES4001/5044001024_h_00.WAV,0,25-30,F,CAR_A,f5,r1,70-80,170-180,N,light
BLOCK40/SES4001/5044001025_h_00.WAV,0,25-30,F,CAR_A,f5,r1,70-80,170-180,N,light
BLOCK40/SES4001/5044001026_h_00.WAV,0,25-30,F,CAR_A,f5,r1,70-80,170-180,N,light
BLOCK40/SES4001/5044001027_h_00.WAV,0,25-30,F,CAR_A,f5,r1,70-80,170-180,N,light
BLOCK40/SES4001/5044001028_h_00.WAV,0,25-30,F,CAR_A,f5,r1,70-80,170-180,N,light
BLOCK40/SES4001/5044001029_h_00.WAV,0,25-30,F,CAR_A,f5,r1,70-80,170-180,N,light
BLOCK40/SES4001/5044001030_h_00.WAV,0,25-30,F,CAR_A,f5,r1,70-80,170-180,N,light
BLOCK40/SES4001/5044001031_h_00.WAV,0,25-30,F,CAR_A,f5,r1,70-80,170-180,N,light
BLOCK40/SES4001/5044001032_h_00.WAV,0,25-30,F,CAR_A,f5,r1,70-80,170-180,N,light
BLOCK40/SES4001/5044001033_h_00.WAV,0,25-30,F,CAR_A,f5,r1,70-80,170-180,N,light
BLOCK40/SES4001/5044001034_h_00.WAV,0,25-30,F,CAR_A,f5,r1,70-80,170-180,N,light
BLOCK40/SES4001/5044001035_h_00.WAV,0,25-30,F,CAR_A,f5,r1,70-80,170-180,N,light
BLOCK40/SES4001/5044001036_h_00.WAV,0,25-30,F,CAR_A,f5,r1,70-80,170-180,N,light
BLOCK40/SES4001/5044001037_h_00.WAV,0,25-30,F,CAR_A,f5,r1,70-80,170-180,N,light
BLOCK40/SES4001/5044001038_h_00.WAV,0,25-30,F,CAR_A,f5,r1,70-80,170-180,N,light
BLOCK40/SES4001/5044001039_h_00.WAV,0,25-30,F,CAR_A,f5,r1,70-80,170-180,N,light
BLOCK40/SES4001/5044001040_h_00.WAV,0,25-30,F,CAR_A,f5,r1,70-80,170-180,N,light
BLOCK40/SES4001/5044001041_h_00.WAV,0,25-30,F,CAR_A,f5,r1,70-80,170-180,N,light
BLOCK40/SES4001/5044001042_h_00.WAV,0,25-30,F,CAR_A,f5,r1,70-80,170-180,N,light
BLOCK40/SES4001/5044001043_h_00.WAV,0,25-30,F,CAR_A,f5,r1,70-80,170-180,N,light
BLOCK40/SES4001/5044001044_h_00.WAV,0,25-30,F,CAR_A,f5,r1,70-80,170-180,N,light
BLOCK40/SES4001/5044001045_h_00.WAV,0,25-30,F,CAR_A,f5,r1,70-80,170-180,N,light
BLOCK40/SES4001/5044001046_h_00.WAV,0,25-30,F,CAR_A,f5,r1,70-80,170-180,N,light
BLOCK40/SES4001/5044001047_h_00.WAV,0,25-30,F,CAR_A,f5,r1,70-80,170-180,N,light
BLOCK40/SES4001/5044001048_h_00.WAV,0,25-30,F,CAR_A,f5,r1,70-80,170-180,N,light
BLOCK40/SES4001/5044001049_h_00.WAV,0,25-30,F,CAR_A,f5,r1,70-80,170-180,N,light
BLOCK40/SES4001/5044001050_h_00.WAV,0,25-30,F,CAR_A,f5,r1,70-80,170-180,N,light
BLOCK40/SES4001/5044001051_h_00.WAV,0,25-30,F,CAR_A,f5,r1,70-80,170-180,N,light
BLOCK40/SES4001/5044001052_h_00.WAV,0,25-30,F,CAR_A,f5,r1,70-80,170-180,N,light
BLOCK40/SES4001/5044001053_h_00.WAV,0,25-30,F,CAR_A,f5,r1,70-80,170-180,N,light
BLOCK40/SES4001/5044001054_h_00.WAV,0,25-30,F,CAR_A,f5,r1,70-80,170-180,N,light
BLOCK40/SES4001/5044001055_h_00.WAV,0,25-30,F,CAR_A,f5,r1,70-80,170-180,N,light
BLOCK40/SES4001/5044001056_h_00.WAV,0,25-30,F,CAR_A,f5,r1,70-80,170-180,N,light
BLOCK40/SES4001/5044001057_h_00.WAV,0,25-30,F,CAR_A,f5,r1,70-80,170-180,N,light
BLOCK40/SES4001/5044001058_h_00.WAV,0,25-30,F,CAR_A,f5,r1,70-80,170-180,N,light
BLOCK40/SES4001/5044001059_h_00.WAV,0,25-30,F,CAR_A,f5,r1,70-80,170-180,N,light
BLOCK40/SES4001/5044001060_h_00.WAV,0,25-30,F,CAR_A,f5,r1,70-80,170-180,N,light
BLOCK11/SES1103/1021103001_h_00.WAV,1,35-40,M,CAR_B,f1,r1,70-80,170-180,N,light
BLOCK11/SES1103/1021103002_h_00.WAV,1,35-40,M,CAR_B,f1,r1,70-80,170-180,N,light
BLOCK11/SES1103/1021103003_h_00.WAV,1,35-40,M,CAR_B,f1,r1,70-80,170-180,N,light
BLOCK11/SES1103/1021103004_h_00.WAV,1,35-40,M,CAR_B,f1,r1,70-80,170-180,N,light
BLOCK11/SES1103/1021103005_h_00.WAV,1,35-40,M,CAR_B,f1,r1,70-80,170-180,N,light
BLOCK11/SES1103/1021103006_h_00.WAV,1,35-40,M,CAR_B,f1,r1,70-80,170-180,N,light
BLOCK11/SES1103/1021103007_h_00.WAV,1,35-40,M,CAR_B,f1,r1,70-80,170-180,N,light
BLOCK11/SES1103/1021103008_h_00.WAV,1,35-40,M,CAR_B,f1,r1,70-80,170-180,N,light
BLOCK11/SES1103/1021103009_h_00.WAV,1,35-40,M,CAR_B,f1,r1,70-80,170-180,N,light
BLOCK11/SES1103/1021103010_h_00.WAV,1,35-40,M,CAR_B,f1,r1,70-80,170-180,N,light
BLOCK11/SES1103/1021103011_h_00.WAV,1,35-40,M,CAR_B,f1,r1,70-80,170-180,N,light
BLOCK11/SES1103/1021103012_h_00.WAV,1,35-40,M,CAR_B,f1,r1,70-80,170-180,N,light
BLOCK11/SES1103/1021103013_h_00.WAV,1,35-40,M,CAR_B,f1,r1,70-80,170-180,N,light
BLOCK11/SES1103/1021103014_h_00.WAV,1,35-40,M,CAR_B,f1,r1,70-80,170-180,N,light
BLOCK11/SES1103/1021103015_h_00.WAV,1,35-40,M,CAR_B,f1,r1,70-80,170-180,N,light
BLOCK11/SES1103/1021103016_h_00.WAV,1,35-40,M,CAR_B,f1,r1,70-80,170-180,N,light
BLOCK11/SES1103/1021103017_h_00.WAV,1,35-40,M,CAR_B,f1,r1,70-80,170-180,N,light
BLOCK11/SES1103/1021103018_h_00.WAV,1,35-40,M,CAR_B,f1,r1,70-80,170-180,N,light
BLOCK11/SES1103/1021103019_h_00.WAV,1,35-40,M,CAR_B,f1,r1,70-80,170-180,N,light
BLOCK11/SES1103/1021103020_h_00.WAV,1,35-40,M,CAR_B,f1,r1,70-80,170-180,N,light
BLOCK11/SES1103/1021103021_h_00.WAV,1,35-40,M,CAR_B,f1,r1,70-80,170-180,N,light
BLOCK11/SES1103/1021103022_h_00.WAV,1,35-40,M,CAR_B,f1,r1,70-80,170-180,N,light
BLOCK11/SES1103/1021103023_h_00.WAV,1,35-40,M,CAR_B,f1,r1,70-80,170-180,N,light
BLOCK11/SES1103/1021103024_h_00.WAV,1,35-40,M,CAR_B,f1,r1,70-80,170-180,N,light
BLOCK11/SES1103/1021103025_h_00.WAV,1,35-40,M,CAR_B,f1,r1,70-80,170-180,N,light
BLOCK11/SES1103/1021103026_h_00.WAV,1,35-40,M,CAR_B,f1,r1,70-80,170-180,N,light
BLOCK11/SES1103/1021103027_h_00.WAV,1,35-40,M,CAR_B,f1,r1,70-80,170-180,N,light
BLOCK11/SES1103/1021103028_h_00.WAV,1,35-40,M,CAR_B,f1,r1,70-80,170-180,N,light
BLOCK11/SES1103/1021103029_h_00.WAV,1,35-40,M,CAR_B,f1,r1,70-80,170-180,N,light
BLOCK11/SES1103/1021103030_h_00.WAV,1,35-40,M,CAR_B,f1,r1,70-80,170-180,N,light
BLOCK20/SES2085/1022085001_h_00.WAV,0,35-40,M,CAR_B,f1,r1,70-80,170-180,N,light
BLOCK20/SES2085/1022085002_h_00.WAV,0,35-40,M,CAR_B,f1,r1,70-80,170-180,N,light
BLOCK20/SES2085/1022085003_h_00.WAV,0,35-40,M,CAR_B,f1,r1,70-80,170-180,N,light
BLOCK20/SES2085/1022085004_h_00.WAV,0,35-40,M,CAR_B,f1,r1,70-80,170-180,N,light
BLOCK20/SES2085/1022085005_h_00.WAV,0,35-40,M,CAR_B,f1,r1,70-80,170-180,N,light
BLOCK20/SES2085/1022085006_h_00.WAV,0,35-40,M,CAR_B,f1,r1,70-80,170-180,N,light
BLOCK20/SES2085/1022085007_h_00.WAV,0,35-40,M,CAR_B,f1,r1,70-80,170-180,N,light
BLOCK20/SES2085/1022085008_h_00.WAV,0,35-40,M,CAR_B,f1,r1,70-80,170-180,N,light
BLOCK20/SES2085/1022085009_h_00.WAV,0,35-40,M,CAR_B,f1,r1,70-80,170-180,N,light
BLOCK20/SES2085/1022085010_h_00.WAV,0,35-40,M,CAR_B,f1,r1,70-80,170-180,N,light
BLOCK20/SES2085/1022085011_h_00.WAV,0,35-40,M,CAR_B,f1,r1,70-80,170-180,N,light
BLOCK20/SES2085/1022085012_h_00.WAV,0,35-40,M,CAR_B,f1,r1,70-80,170-180,N,light
BLOCK20/SES2085/1022085013_h_00.WAV,0,35-40,M,CAR_B,f1,r1,70-80,170-180,N,light
BLOCK20/SES2085/1022085014_h_00.WAV,0,35-40,M,CAR_B,f1,r1,70-80,170-180,N,light
BLOCK20/SES2085/1022085015_h_00.WAV,0,35-40,M,CAR_B,f1,r1,70-80,170-180,N,light
BLOCK20/SES2085/1022085016_h_00.WAV,0,35-40,M,CAR_B,f1,r1,70-80,170-180,N,light
BLOCK20/SES2085/1022085017_h_00.WAV,0,35-40,M,CAR_B,f1,r1,70-80,170-180,N,light
BLOCK20/SES2085/1022085018_h_00.WAV,0,35-40,M,CAR_B,f1,r1,70-80,170-180,N,light
BLOCK20/SES2085/1022085019_h_00.WAV,0,35-40,M,CAR_B,f1,r1,70-80,170-180,N,light
BLOCK20/SES2085/1022085020_h_00.WAV,0,35-40,M,CAR_B,f1,r1,70-80,170-180,N,light
BLOCK20/SES2085/1022085021_h_00.WAV,0,35-40,M,CAR_B,f1,r1,70-80,170-180,N,light
BLOCK20/SES2085/1022085022_h_00.WAV,0,35-40,M,CAR_B,f1,r1,70-80,170-180,N,light
BLOCK20/SES2085/1022085023_h_00.WAV,0,35-40,M,CAR_B,f1,r1,70-80,170-180,N,light
BLOCK20/SES2085/1022085024_h_00.WAV,0,35-40,M,CAR_B,f1,r1,70-80,170-180,N,light
BLOCK20/SES2085/1022085025_h_00.WAV,0,35-40,M,CAR_B,f1,r1,70-80,170-180,N,light
BLOCK20/SES2085/1022085026_h_00.WAV,0,35-40,M,CAR_B,f1,r1,70-80,170-180,N,light
BLOCK20/SES2085/1022085027_h_00.WAV,0,35-40,M,CAR_B,f1,r1,70-80,170-180,N,light
BLOCK20/SES2085/1022085028_h_00.WAV,0,35-40,M,CAR_B,f1,r1,70-80,170-180,N,light
BLOCK20/SES2085/1022085029_h_00.WAV,0,35-40,M,CAR_B,f1,r1,70-80,170-180,N,light
BLOCK20/SES2085/1022085030_h_00.WAV,0,35-40,M,CAR_B,f1,r1,70-80,170-180,N,light
BLOCK20/SES2085/1022085031_h_00.WAV,0,35-40,M,CAR_B,f1,r1,70-80,170-180,N,light
BLOCK20/SES2085/1022085032_h_00.WAV,0,35-40,M,CAR_B,f1,r1,70-80,170-180,N,light
BLOCK20/SES2085/1022085033_h_00.WAV,0,35-40,M,CAR_B,f1,r1,70-80,170-180,N,light
BLOCK20/SES2085/1022085034_h_00.WAV,0,35-40,M,CAR_B,f1,r1,70-80,170-180,N,light
BLOCK20/SES2085/1022085035_h_00.WAV,0,35-40,M,CAR_B,f1,r1,70-80,170-180,N,light
BLOCK20/SES2085/1022085036_h_00.WAV,0,35-40,M,CAR_B,f1,r1,70-80,170-180,N,light
BLOCK20/SES2085/1022085037_h_00.WAV,0,35-40,M,CAR_B,f1,r1,70-80,170-180,N,light
BLOCK20/SES2085/1022085038_h_00.WAV,0,35-40,M,CAR_B,f1,r1,70-80,170-180,N,light
BLOCK20/SES2085/1022085039_h_00.WAV,0,35-40,M,CAR_B,f1,r1,70-80,170-180,N,light
BLOCK20/SES2085/1022085040_h_00.WAV,0,35-40,M,CAR_B,f1,r1,70-80,170-180,N,light
BLOCK20/SES2085/1022085041_h_00.WAV,0,35-40,M,CAR_B,f1,r1,70-80,170-180,N,light
BLOCK20/SES2085/1022085042_h_00.WAV,0,35-40,M,CAR_B,f1,r1,70-80,170-180,N,light
BLOCK20/SES2085/1022085043_h_00.WAV,0,35-40,M,CAR_B,f1,r1,70-80,170-180,N,light
BLOCK20/SES2085/1022085044_h_00.WAV,0,35-40,M,CAR_B,f1,r1,70-80,170-180,N,light
BLOCK20/SES2085/1022085045_h_00.WAV,0,35-40,M,CAR_B,f1,r1,70-80,170-180,N,light
BLOCK20/SES2085/1022085046_h_00.WAV,0,35-40,M,CAR_B,f1,r1,70-80,170-180,N,light
BLOCK20/SES2085/1022085047_h_00.WAV,0,35-40,M,CAR_B,f1,r1,70-80,170-180,N,light
BLOCK20/SES2085/1022085048_h_00.WAV,0,35-40,M,CAR_B,f1,r1,70-80,170-180,N,light
BLOCK20/SES2085/1022085049_h_00.WAV,0,35-40,M,CAR_B,f1,r1,70-80,170-180,N,light
BLOCK20/SES2085/1022085050_h_00.WAV,0,35-40,M,CAR_B,f1,r1,70-80,170-180,N,light
BLOCK20/SES2085/1022085051_h_00.WAV,0,35-40,M,CAR_B,f1,r1,70-80,170-180,N,light
BLOCK20/SES2085/1022085052_h_00.WAV,0,35-40,M,CAR_B,f1,r1,70-80,170-180,N,light
BLOCK20/SES2085/1022085053_h_00.WAV,0,35-40,M,CAR_B,f1,r1,70-80,170-180,N,light
BLOCK20/SES2085/1022085054_h_00.WAV,0,35-40,M,CAR_B,f1,r1,70-80,170-180,N,light
BLOCK20/SES2085/1022085055_h_00.WAV,0,35-40,M,CAR_B,f1,r1,70-80,170-180,N,light
BLOCK20/SES2085/1022085056_h_00.WAV,0,35-40,M,CAR_B,f1,r1,70-80,170-180,N,light
BLOCK20/SES2085/1022085057_h_00.WAV,0,35-40,M,CAR_B,f1,r1,70-80,170-180,N,light
BLOCK20/SES2085/1022085058_h_00.WAV,0,35-40,M,CAR_B,f1,r1,70-80,170-180,N,light
BLOCK20/SES2085/1022085059_h_00.WAV,0,35-40,M,CAR_B,f1,r1,70-80,170-180,N,light
BLOCK20/SES2085/1022085060_h_00.WAV,0,35-40,M,CAR_B,f1,r1,70-80,170-180,N,light
BLOCK10/SES1098/0971098001_h_00.WAV,1,60-65,M,CAR_B,f1,r1,80-90,180-190,N,heavy
BLOCK10/SES1098/0971098002_h_00.WAV,1,60-65,M,CAR_B,f1,r1,80-90,180-190,N,heavy
BLOCK10/SES1098/0971098003_h_00.WAV,1,60-65,M,CAR_B,f1,r1,80-90,180-190,N,heavy
BLOCK10/SES1098/0971098004_h_00.WAV,1,60-65,M,CAR_B,f1,r1,80-90,180-190,N,heavy
BLOCK10/SES1098/0971098005_h_00.WAV,1,60-65,M,CAR_B,f1,r1,80-90,180-190,N,heavy
BLOCK10/SES1098/0971098006_h_00.WAV,1,60-65,M,CAR_B,f1,r1,80-90,180-190,N,heavy
BLOCK10/SES1098/0971098007_h_00.WAV,1,60-65,M,CAR_B,f1,r1,80-90,180-190,N,heavy
BLOCK10/SES1098/0971098008_h_00.WAV,1,60-65,M,CAR_B,f1,r1,80-90,180-190,N,heavy
BLOCK10/SES1098/0971098009_h_00.WAV,1,60-65,M,CAR_B,f1,r1,80-90,180-190,N,heavy
BLOCK10/SES1098/0971098010_h_00.WAV,1,60-65,M,CAR_B,f1,r1,80-90,180-190,N,heavy
BLOCK10/SES1098/0971098011_h_00.WAV,1,60-65,M,CAR_B,f1,r1,80-90,180-190,N,heavy
BLOCK10/SES1098/0971098012_h_00.WAV,1,60-65,M,CAR_B,f1,r1,80-90,180-190,N,heavy
BLOCK10/SES1098/0971098013_h_00.WAV,1,60-65,M,CAR_B,f1,r1,80-90,180-190,N,heavy
BLOCK10/SES1098/0971098014_h_00.WAV,1,60-65,M,CAR_B,f1,r1,80-90,180-190,N,heavy
BLOCK10/SES1098/0971098015_h_00.WAV,1,60-65,M,CAR_B,f1,r1,80-90,180-190,N,heavy
BLOCK10/SES1098/0971098016_h_00.WAV,1,60-65,M,CAR_B,f1,r1,80-90,180-190,N,heavy
BLOCK10/SES1098/0971098017_h_00.WAV,1,60-65,M,CAR_B,f1,r1,80-90,180-190,N,heavy
BLOCK10/SES1098/0971098018_h_00.WAV,1,60-65,M,CAR_B,f1,r1,80-90,180-190,N,heavy
BLOCK10/SES1098/0971098019_h_00.WAV,1,60-65,M,CAR_B,f1,r1,80-90,180-190,N,heavy
BLOCK10/SES1098/0971098020_h_00.WAV,1,60-65,M,CAR_B,f1,r1,80-90,180-190,N,heavy
BLOCK10/SES1098/0971098021_h_00.WAV,1,60-65,M,CAR_B,f1,r1,80-90,180-190,N,heavy
BLOCK10/SES1098/0971098022_h_00.WAV,1,60-65,M,CAR_B,f1,r1,80-90,180-190,N,heavy
BLOCK10/SES1098/0971098023_h_00.WAV,1,60-65,M,CAR_B,f1,r1,80-90,180-190,N,heavy
BLOCK10/SES1098/0971098024_h_00.WAV,1,60-65,M,CAR_B,f1,r1,80-90,180-190,N,heavy
BLOCK10/SES1098/0971098025_h_00.WAV,1,60-65,M,CAR_B,f1,r1,80-90,180-190,N,heavy
BLOCK10/SES1098/0971098026_h_00.WAV,1,60-65,M,CAR_B,f1,r1,80-90,180-190,N,heavy
BLOCK10/SES1098/0971098027_h_00.WAV,1,60-65,M,CAR_B,f1,r1,80-90,180-190,N,heavy
BLOCK10/SES1098/0971098028_h_00.WAV,1,60-65,M,CAR_B,f1,r1,80-90,180-190,N,heavy
BLOCK10/SES1098/0971098029_h_00.WAV,1,60-65,M,CAR_B,f1,r1,80-90,180-190,N,heavy
BLOCK10/SES1098/0971098030_h_00.WAV,1,60-65,M,CAR_B,f1,r1,80-90,180-190,N,heavy
BLOCK20/SES2082/0972082001_h_00.WAV,0,60-65,M,CAR_B,f1,r1,80-90,180-190,N,heavy
BLOCK20/SES2082/0972082002_h_00.WAV,0,60-65,M,CAR_B,f1,r1,80-90,180-190,N,heavy
BLOCK20/SES2082/0972082003_h_00.WAV,0,60-65,M,CAR_B,f1,r1,80-90,180-190,N,heavy
BLOCK20/SES2082/0972082004_h_00.WAV,0,60-65,M,CAR_B,f1,r1,80-90,180-190,N,heavy
BLOCK20/SES2082/0972082005_h_00.WAV,0,60-65,M,CAR_B,f1,r1,80-90,180-190,N,heavy
BLOCK20/SES2082/0972082006_h_00.WAV,0,60-65,M,CAR_B,f1,r1,80-90,180-190,N,heavy
BLOCK20/SES2082/0972082007_h_00.WAV,0,60-65,M,CAR_B,f1,r1,80-90,180-190,N,heavy
BLOCK20/SES2082/0972082008_h_00.WAV,0,60-65,M,CAR_B,f1,r1,80-90,180-190,N,heavy
BLOCK20/SES2082/0972082009_h_00.WAV,0,60-65,M,CAR_B,f1,r1,80-90,180-190,N,heavy
BLOCK20/SES2082/0972082010_h_00.WAV,0,60-65,M,CAR_B,f1,r1,80-90,180-190,N,heavy
BLOCK20/SES2082/0972082011_h_00.WAV,0,60-65,M,CAR_B,f1,r1,80-90,180-190,N,heavy
BLOCK20/SES2082/0972082012_h_00.WAV,0,60-65,M,CAR_B,f1,r1,80-90,180-190,N,heavy
BLOCK20/SES2082/0972082013_h_00.WAV,0,60-65,M,CAR_B,f1,r1,80-90,180-190,N,heavy
BLOCK20/SES2082/0972082014_h_00.WAV,0,60-65,M,CAR_B,f1,r1,80-90,180-190,N,heavy
BLOCK20/SES2082/0972082015_h_00.WAV,0,60-65,M,CAR_B,f1,r1,80-90,180-190,N,heavy
BLOCK20/SES2082/0972082016_h_00.WAV,0,60-65,M,CAR_B,f1,r1,80-90,180-190,N,heavy
BLOCK20/SES2082/0972082017_h_00.WAV,0,60-65,M,CAR_B,f1,r1,80-90,180-190,N,heavy
BLOCK20/SES2082/0972082018_h_00.WAV,0,60-65,M,CAR_B,f1,r1,80-90,180-190,N,heavy
BLOCK20/SES2082/0972082019_h_00.WAV,0,60-65,M,CAR_B,f1,r1,80-90,180-190,N,heavy
BLOCK20/SES2082/0972082020_h_00.WAV,0,60-65,M,CAR_B,f1,r1,80-90,180-190,N,heavy
BLOCK20/SES2082/0972082021_h_00.WAV,0,60-65,M,CAR_B,f1,r1,80-90,180-190,N,heavy
BLOCK20/SES2082/0972082022_h_00.WAV,0,60-65,M,CAR_B,f1,r1,80-90,180-190,N,heavy
BLOCK20/SES2082/0972082023_h_00.WAV,0,60-65,M,CAR_B,f1,r1,80-90,180-190,N,heavy
BLOCK20/SES2082/0972082024_h_00.WAV,0,60-65,M,CAR_B,f1,r1,80-90,180-190,N,heavy
BLOCK20/SES2082/0972082025_h_00.WAV,0,60-65,M,CAR_B,f1,r1,80-90,180-190,N,heavy
BLOCK20/SES2082/0972082026_h_00.WAV,0,60-65,M,CAR_B,f1,r1,80-90,180-190,N,heavy
BLOCK20/SES2082/0972082027_h_00.WAV,0,60-65,M,CAR_B,f1,r1,80-90,180-190,N,heavy
BLOCK20/SES2082/0972082028_h_00.WAV,0,60-65,M,CAR_B,f1,r1,80-90,180-190,N,heavy
BLOCK20/SES2082/0972082029_h_00.WAV,0,60-65,M,CAR_B,f1,r1,80-90,180-190,N,heavy
BLOCK20/SES2082/0972082030_h_00.WAV,0,60-65,M,CAR_B,f1,r1,80-90,180-190,N,heavy
BLOCK20/SES2082/0972082031_h_00.WAV,0,60-65,M,CAR_B,f1,r1,80-90,180-190,N,heavy
BLOCK20/SES2082/0972082032_h_00.WAV,0,60-65,M,CAR_B,f1,r1,80-90,180-190,N,heavy
BLOCK20/SES2082/0972082033_h_00.WAV,0,60-65,M,CAR_B,f1,r1,80-90,180-190,N,heavy
BLOCK20/SES2082/0972082034_h_00.WAV,0,60-65,M,CAR_B,f1,r1,80-90,180-190,N,heavy
BLOCK20/SES2082/0972082035_h_00.WAV,0,60-65,M,CAR_B,f1,r1,80-90,180-190,N,heavy
BLOCK20/SES2082/0972082036_h_00.WAV,0,60-65,M,CAR_B,f1,r1,80-90,180-190,N,heavy
BLOCK20/SES2082/0972082037_h_00.WAV,0,60-65,M,CAR_B,f1,r1,80-90,180-190,N,heavy
BLOCK20/SES2082/0972082038_h_00.WAV,0,60-65,M,CAR_B,f1,r1,80-90,180-190,N,heavy
BLOCK20/SES2082/0972082039_h_00.WAV,0,60-65,M,CAR_B,f1,r1,80-90,180-190,N,heavy
BLOCK20/SES2082/0972082040_h_00.WAV,0,60-65,M,CAR_B,f1,r1,80-90,180-190,N,heavy
BLOCK20/SES2082/0972082041_h_00.WAV,0,60-65,M,CAR_B,f1,r1,80-90,180-190,N,heavy
BLOCK20/SES2082/0972082042_h_00.WAV,0,60-65,M,CAR_B,f1,r1,80-90,180-190,N,heavy
BLOCK20/SES2082/0972082043_h_00.WAV,0,60-65,M,CAR_B,f1,r1,80-90,180-190,N,heavy
BLOCK20/SES2082/0972082044_h_00.WAV,0,60-65,M,CAR_B,f1,r1,80-90,180-190,N,heavy
BLOCK20/SES2082/0972082045_h_00.WAV,0,60-65,M,CAR_B,f1,r1,80-90,180-190,N,heavy
BLOCK20/SES2082/0972082046_h_01.WAV,0,60-65,M,CAR_B,f1,r1,80-90,180-190,N,heavy
BLOCK20/SES2082/0972082047_h_00.WAV,0,60-65,M,CAR_B,f1,r1,80-90,180-190,N,heavy
BLOCK20/SES2082/0972082048_h_00.WAV,0,60-65,M,CAR_B,f1,r1,80-90,180-190,N,heavy
BLOCK20/SES2082/0972082049_h_00.WAV,0,60-65,M,CAR_B,f1,r1,80-90,180-190,N,heavy
BLOCK20/SES2082/0972082050_h_00.WAV,0,60-65,M,CAR_B,f1,r1,80-90,180-190,N,heavy
BLOCK20/SES2082/0972082051_h_00.WAV,0,60-65,M,CAR_B,f1,r1,80-90,180-190,N,heavy
BLOCK20/SES2082/0972082052_h_00.WAV,0,60-65,M,CAR_B,f1,r1,80-90,180-190,N,heavy
BLOCK20/SES2082/0972082053_h_00.WAV,0,60-65,M,CAR_B,f1,r1,80-90,180-190,N,heavy
BLOCK20/SES2082/0972082054_h_00.WAV,0,60-65,M,CAR_B,f1,r1,80-90,180-190,N,heavy
BLOCK20/SES2082/0972082055_h_00.WAV,0,60-65,M,CAR_B,f1,r1,80-90,180-190,N,heavy
BLOCK20/SES2082/0972082056_h_00.WAV,0,60-65,M,CAR_B,f1,r1,80-90,180-190,N,heavy
BLOCK20/SES2082/0972082057_h_00.WAV,0,60-65,M,CAR_B,f1,r1,80-90,180-190,N,heavy
BLOCK20/SES2082/0972082058_h_00.WAV,0,60-65,M,CAR_B,f1,r1,80-90,180-190,N,heavy
BLOCK20/SES2082/0972082059_h_00.WAV,0,60-65,M,CAR_B,f1,r1,80-90,180-190,N,heavy
BLOCK20/SES2082/0972082060_h_00.WAV,0,60-65,M,CAR_B,f1,r1,80-90,180-190,N,heavy
BLOCK10/SES1047/0461047001_h_01.WAV,1,20-25,F,CAR_B,f10,r3,60-70,160-170,N,light
BLOCK10/SES1047/0461047002_h_00.WAV,1,20-25,F,CAR_B,f10,r3,60-70,160-170,N,light
BLOCK10/SES1047/0461047003_h_00.WAV,1,20-25,F,CAR_B,f10,r3,60-70,160-170,N,light
BLOCK10/SES1047/0461047004_h_00.WAV,1,20-25,F,CAR_B,f10,r3,60-70,160-170,N,light
BLOCK10/SES1047/0461047005_h_00.WAV,1,20-25,F,CAR_B,f10,r3,60-70,160-170,N,light
BLOCK10/SES1047/0461047006_h_00.WAV,1,20-25,F,CAR_B,f10,r3,60-70,160-170,N,light
BLOCK10/SES1047/0461047007_h_00.WAV,1,20-25,F,CAR_B,f10,r3,60-70,160-170,N,light
BLOCK10/SES1047/0461047008_h_00.WAV,1,20-25,F,CAR_B,f10,r3,60-70,160-170,N,light
BLOCK10/SES1047/0461047009_h_00.WAV,1,20-25,F,CAR_B,f10,r3,60-70,160-170,N,light
BLOCK10/SES1047/0461047010_h_00.WAV,1,20-25,F,CAR_B,f10,r3,60-70,160-170,N,light
BLOCK10/SES1047/0461047011_h_00.WAV,1,20-25,F,CAR_B,f10,r3,60-70,160-170,N,light
BLOCK10/SES1047/0461047012_h_00.WAV,1,20-25,F,CAR_B,f10,r3,60-70,160-170,N,light
BLOCK10/SES1047/0461047013_h_00.WAV,1,20-25,F,CAR_B,f10,r3,60-70,160-170,N,light
BLOCK10/SES1047/0461047014_h_00.WAV,1,20-25,F,CAR_B,f10,r3,60-70,160-170,N,light
BLOCK10/SES1047/0461047015_h_00.WAV,1,20-25,F,CAR_B,f10,r3,60-70,160-170,N,light
BLOCK10/SES1047/0461047016_h_00.WAV,1,20-25,F,CAR_B,f10,r3,60-70,160-170,N,light
BLOCK10/SES1047/0461047017_h_00.WAV,1,20-25,F,CAR_B,f10,r3,60-70,160-170,N,light
BLOCK10/SES1047/0461047018_h_00.WAV,1,20-25,F,CAR_B,f10,r3,60-70,160-170,N,light
BLOCK10/SES1047/0461047019_h_00.WAV,1,20-25,F,CAR_B,f10,r3,60-70,160-170,N,light
BLOCK10/SES1047/0461047020_h_00.WAV,1,20-25,F,CAR_B,f10,r3,60-70,160-170,N,light
BLOCK10/SES1047/0461047021_h_00.WAV,1,20-25,F,CAR_B,f10,r3,60-70,160-170,N,light
BLOCK10/SES1047/0461047022_h_00.WAV,1,20-25,F,CAR_B,f10,r3,60-70,160-170,N,light
BLOCK10/SES1047/0461047023_h_00.WAV,1,20-25,F,CAR_B,f10,r3,60-70,160-170,N,light
BLOCK10/SES1047/0461047024_h_00.WAV,1,20-25,F,CAR_B,f10,r3,60-70,160-170,N,light
BLOCK10/SES1047/0461047025_h_01.WAV,1,20-25,F,CAR_B,f10,r3,60-70,160-170,N,light
BLOCK10/SES1047/0461047026_h_00.WAV,1,20-25,F,CAR_B,f10,r3,60-70,160-170,N,light
BLOCK10/SES1047/0461047027_h_00.WAV,1,20-25,F,CAR_B,f10,r3,60-70,160-170,N,light
BLOCK10/SES1047/0461047028_h_00.WAV,1,20-25,F,CAR_B,f10,r3,60-70,160-170,N,light
BLOCK10/SES1047/0461047029_h_00.WAV,1,20-25,F,CAR_B,f10,r3,60-70,160-170,N,light
BLOCK10/SES1047/0461047030_h_01.WAV,1,20-25,F,CAR_B,f10,r3,60-70,160-170,N,light
BLOCK20/SES2037/0462037001_h_00.WAV,0,20-25,F,CAR_B,f5,r3,60-70,160-170,N,light
BLOCK20/SES2037/0462037002_h_00.WAV,0,20-25,F,CAR_B,f5,r3,60-70,160-170,N,light
BLOCK20/SES2037/0462037003_h_00.WAV,0,20-25,F,CAR_B,f5,r3,60-70,160-170,N,light
BLOCK20/SES2037/0462037004_h_00.WAV,0,20-25,F,CAR_B,f5,r3,60-70,160-170,N,light
BLOCK20/SES2037/0462037005_h_00.WAV,0,20-25,F,CAR_B,f5,r3,60-70,160-170,N,light
BLOCK20/SES2037/0462037006_h_00.WAV,0,20-25,F,CAR_B,f5,r3,60-70,160-170,N,light
BLOCK20/SES2037/0462037007_h_00.WAV,0,20-25,F,CAR_B,f5,r3,60-70,160-170,N,light
BLOCK20/SES2037/0462037008_h_00.WAV,0,20-25,F,CAR_B,f5,r3,60-70,160-170,N,light
BLOCK20/SES2037/0462037009_h_00.WAV,0,20-25,F,CAR_B,f5,r3,60-70,160-170,N,light
BLOCK20/SES2037/0462037010_h_00.WAV,0,20-25,F,CAR_B,f5,r3,60-70,160-170,N,light
BLOCK20/SES2037/0462037011_h_00.WAV,0,20-25,F,CAR_B,f5,r3,60-70,160-170,N,light
BLOCK20/SES2037/0462037012_h_00.WAV,0,20-25,F,CAR_B,f5,r3,60-70,160-170,N,light
BLOCK20/SES2037/0462037013_h_00.WAV,0,20-25,F,CAR_B,f5,r3,60-70,160-170,N,light
BLOCK20/SES2037/0462037014_h_00.WAV,0,20-25,F,CAR_B,f5,r3,60-70,160-170,N,light
BLOCK20/SES2037/0462037015_h_00.WAV,0,20-25,F,CAR_B,f5,r3,60-70,160-170,N,light
BLOCK20/SES2037/0462037016_h_00.WAV,0,20-25,F,CAR_B,f5,r3,60-70,160-170,N,light
BLOCK20/SES2037/0462037017_h_00.WAV,0,20-25,F,CAR_B,f5,r3,60-70,160-170,N,light
BLOCK20/SES2037/0462037018_h_00.WAV,0,20-25,F,CAR_B,f5,r3,60-70,160-170,N,light
BLOCK20/SES2037/0462037019_h_00.WAV,0,20-25,F,CAR_B,f5,r3,60-70,160-170,N,light
BLOCK20/SES2037/0462037020_h_00.WAV,0,20-25,F,CAR_B,f5,r3,60-70,160-170,N,light
BLOCK20/SES2037/0462037021_h_00.WAV,0,20-25,F,CAR_B,f5,r3,60-70,160-170,N,light
BLOCK20/SES2037/0462037022_h_00.WAV,0,20-25,F,CAR_B,f5,r3,60-70,160-170,N,light
BLOCK20/SES2037/0462037023_h_00.WAV,0,20-25,F,CAR_B,f5,r3,60-70,160-170,N,light
BLOCK20/SES2037/0462037024_h_00.WAV,0,20-25,F,CAR_B,f5,r3,60-70,160-170,N,light
BLOCK20/SES2037/0462037025_h_00.WAV,0,20-25,F,CAR_B,f5,r3,60-70,160-170,N,light
BLOCK20/SES2037/0462037026_h_00.WAV,0,20-25,F,CAR_B,f5,r3,60-70,160-170,N,light
BLOCK20/SES2037/0462037027_h_00.WAV,0,20-25,F,CAR_B,f5,r3,60-70,160-170,N,light
BLOCK20/SES2037/0462037028_h_00.WAV,0,20-25,F,CAR_B,f5,r3,60-70,160-170,N,light
BLOCK20/SES2037/0462037029_h_00.WAV,0,20-25,F,CAR_B,f5,r3,60-70,160-170,N,light
BLOCK20/SES2037/0462037030_h_00.WAV,0,20-25,F,CAR_B,f5,r3,60-70,160-170,N,light
BLOCK20/SES2037/0462037031_h_00.WAV,0,20-25,F,CAR_B,f5,r3,60-70,160-170,N,light
BLOCK20/SES2037/0462037032_h_00.WAV,0,20-25,F,CAR_B,f5,r3,60-70,160-170,N,light
BLOCK20/SES2037/0462037033_h_00.WAV,0,20-25,F,CAR_B,f5,r3,60-70,160-170,N,light
BLOCK20/SES2037/0462037034_h_00.WAV,0,20-25,F,CAR_B,f5,r3,60-70,160-170,N,light
BLOCK20/SES2037/0462037035_h_00.WAV,0,20-25,F,CAR_B,f5,r3,60-70,160-170,N,light
BLOCK20/SES2037/0462037036_h_00.WAV,0,20-25,F,CAR_B,f5,r3,60-70,160-170,N,light
BLOCK20/SES2037/0462037037_h_00.WAV,0,20-25,F,CAR_B,f5,r3,60-70,160-170,N,light
BLOCK20/SES2037/0462037038_h_00.WAV,0,20-25,F,CAR_B,f5,r3,60-70,160-170,N,light
BLOCK20/SES2037/0462037039_h_00.WAV,0,20-25,F,CAR_B,f5,r3,60-70,160-170,N,light
BLOCK20/SES2037/0462037040_h_00.WAV,0,20-25,F,CAR_B,f5,r3,60-70,160-170,N,light
BLOCK20/SES2037/0462037041_h_00.WAV,0,20-25,F,CAR_B,f5,r3,60-70,160-170,N,light
BLOCK20/SES2037/0462037042_h_00.WAV,0,20-25,F,CAR_B,f5,r3,60-70,160-170,N,light
BLOCK20/SES2037/0462037043_h_00.WAV,0,20-25,F,CAR_B,f5,r3,60-70,160-170,N,light
BLOCK20/SES2037/0462037044_h_00.WAV,0,20-25,F,CAR_B,f5,r3,60-70,160-170,N,light
BLOCK20/SES2037/0462037045_h_00.WAV,0,20-25,F,CAR_B,f5,r3,60-70,160-170,N,light
BLOCK20/SES2037/0462037046_h_00.WAV,0,20-25,F,CAR_B,f5,r3,60-70,160-170,N,light
BLOCK20/SES2037/0462037047_h_00.WAV,0,20-25,F,CAR_B,f5,r3,60-70,160-170,N,light
BLOCK20/SES2037/0462037048_h_00.WAV,0,20-25,F,CAR_B,f5,r3,60-70,160-170,N,light
BLOCK20/SES2037/0462037049_h_00.WAV,0,20-25,F,CAR_B,f5,r3,60-70,160-170,N,light
BLOCK20/SES2037/0462037050_h_00.WAV,0,20-25,F,CAR_B,f5,r3,60-70,160-170,N,light
BLOCK20/SES2037/0462037051_h_00.WAV,0,20-25,F,CAR_B,f5,r3,60-70,160-170,N,light
BLOCK20/SES2037/0462037052_h_00.WAV,0,20-25,F,CAR_B,f5,r3,60-70,160-170,N,light
BLOCK20/SES2037/0462037053_h_00.WAV,0,20-25,F,CAR_B,f5,r3,60-70,160-170,N,light
BLOCK20/SES2037/0462037054_h_00.WAV,0,20-25,F,CAR_B,f5,r3,60-70,160-170,N,light
BLOCK20/SES2037/0462037055_h_00.WAV,0,20-25,F,CAR_B,f5,r3,60-70,160-170,N,light
BLOCK20/SES2037/0462037056_h_00.WAV,0,20-25,F,CAR_B,f5,r3,60-70,160-170,N,light
BLOCK20/SES2037/0462037057_h_00.WAV,0,20-25,F,CAR_B,f5,r3,60-70,160-170,N,light
BLOCK20/SES2037/0462037058_h_00.WAV,0,20-25,F,CAR_B,f5,r3,60-70,160-170,N,light
BLOCK20/SES2037/0462037059_h_00.WAV,0,20-25,F,CAR_B,f5,r3,60-70,160-170,N,light
BLOCK20/SES2037/0462037060_h_00.WAV,0,20-25,F,CAR_B,f5,r3,60-70,160-170,N,light
BLOCK10/SES1021/0201021001_h_01.WAV,1,30-35,M,CAR_B,f5,r1,80-90,170-180,N,light
BLOCK10/SES1021/0201021002_h_00.WAV,1,30-35,M,CAR_B,f5,r1,80-90,170-180,N,light
BLOCK10/SES1021/0201021003_h_00.WAV,1,30-35,M,CAR_B,f5,r1,80-90,170-180,N,light
BLOCK10/SES1021/0201021004_h_00.WAV,1,30-35,M,CAR_B,f5,r1,80-90,170-180,N,light
BLOCK10/SES1021/0201021005_h_00.WAV,1,30-35,M,CAR_B,f5,r1,80-90,170-180,N,light
BLOCK10/SES1021/0201021006_h_00.WAV,1,30-35,M,CAR_B,f5,r1,80-90,170-180,N,light
BLOCK10/SES1021/0201021007_h_00.WAV,1,30-35,M,CAR_B,f5,r1,80-90,170-180,N,light
BLOCK10/SES1021/0201021008_h_00.WAV,1,30-35,M,CAR_B,f5,r1,80-90,170-180,N,light
BLOCK10/SES1021/0201021009_h_00.WAV,1,30-35,M,CAR_B,f5,r1,80-90,170-180,N,light
BLOCK10/SES1021/0201021010_h_00.WAV,1,30-35,M,CAR_B,f5,r1,80-90,170-180,N,light
BLOCK10/SES1021/0201021011_h_00.WAV,1,30-35,M,CAR_B,f5,r1,80-90,170-180,N,light
BLOCK10/SES1021/0201021012_h_00.WAV,1,30-35,M,CAR_B,f5,r1,80-90,170-180,N,light
BLOCK10/SES1021/0201021013_h_00.WAV,1,30-35,M,CAR_B,f5,r1,80-90,170-180,N,light
BLOCK10/SES1021/0201021014_h_00.WAV,1,30-35,M,CAR_B,f5,r1,80-90,170-180,N,light
BLOCK10/SES1021/0201021015_h_00.WAV,1,30-35,M,CAR_B,f5,r1,80-90,170-180,N,light
BLOCK10/SES1021/0201021016_h_00.WAV,1,30-35,M,CAR_B,f5,r1,80-90,170-180,N,light
BLOCK10/SES1021/0201021017_h_00.WAV,1,30-35,M,CAR_B,f5,r1,80-90,170-180,N,light
BLOCK10/SES1021/0201021018_h_00.WAV,1,30-35,M,CAR_B,f5,r1,80-90,170-180,N,light
BLOCK10/SES1021/0201021019_h_00.WAV,1,30-35,M,CAR_B,f5,r1,80-90,170-180,N,light
BLOCK10/SES1021/0201021020_h_00.WAV,1,30-35,M,CAR_B,f5,r1,80-90,170-180,N,light
BLOCK10/SES1021/0201021021_h_00.WAV,1,30-35,M,CAR_B,f5,r1,80-90,170-180,N,light
BLOCK10/SES1021/0201021022_h_00.WAV,1,30-35,M,CAR_B,f5,r1,80-90,170-180,N,light
BLOCK10/SES1021/0201021023_h_00.WAV,1,30-35,M,CAR_B,f5,r1,80-90,170-180,N,light
BLOCK10/SES1021/0201021024_h_00.WAV,1,30-35,M,CAR_B,f5,r1,80-90,170-180,N,light
BLOCK10/SES1021/0201021025_h_00.WAV,1,30-35,M,CAR_B,f5,r1,80-90,170-180,N,light
BLOCK10/SES1021/0201021026_h_02.WAV,1,30-35,M,CAR_B,f5,r1,80-90,170-180,N,light
BLOCK10/SES1021/0201021027_h_00.WAV,1,30-35,M,CAR_B,f5,r1,80-90,170-180,N,light
BLOCK10/SES1021/0201021028_h_00.WAV,1,30-35,M,CAR_B,f5,r1,80-90,170-180,N,light
BLOCK10/SES1021/0201021029_h_00.WAV,1,30-35,M,CAR_B,f5,r1,80-90,170-180,N,light
BLOCK10/SES1021/0201021030_h_00.WAV,1,30-35,M,CAR_B,f5,r1,80-90,170-180,N,light
BLOCK20/SES2015/0202015001_h_00.WAV,0,30-35,M,CAR_B,f6,r1,80-90,170-180,N,light
BLOCK20/SES2015/0202015002_h_00.WAV,0,30-35,M,CAR_B,f6,r1,80-90,170-180,N,light
BLOCK20/SES2015/0202015003_h_00.WAV,0,30-35,M,CAR_B,f6,r1,80-90,170-180,N,light
BLOCK20/SES2015/0202015004_h_00.WAV,0,30-35,M,CAR_B,f6,r1,80-90,170-180,N,light
BLOCK20/SES2015/0202015005_h_00.WAV,0,30-35,M,CAR_B,f6,r1,80-90,170-180,N,light
BLOCK20/SES2015/0202015006_h_00.WAV,0,30-35,M,CAR_B,f6,r1,80-90,170-180,N,light
BLOCK20/SES2015/0202015007_h_00.WAV,0,30-35,M,CAR_B,f6,r1,80-90,170-180,N,light
BLOCK20/SES2015/0202015008_h_00.WAV,0,30-35,M,CAR_B,f6,r1,80-90,170-180,N,light
BLOCK20/SES2015/0202015009_h_00.WAV,0,30-35,M,CAR_B,f6,r1,80-90,170-180,N,light
BLOCK20/SES2015/0202015010_h_00.WAV,0,30-35,M,CAR_B,f6,r1,80-90,170-180,N,light
BLOCK20/SES2015/0202015011_h_00.WAV,0,30-35,M,CAR_B,f6,r1,80-90,170-180,N,light
BLOCK20/SES2015/0202015012_h_00.WAV,0,30-35,M,CAR_B,f6,r1,80-90,170-180,N,light
BLOCK20/SES2015/0202015013_h_00.WAV,0,30-35,M,CAR_B,f6,r1,80-90,170-180,N,light
BLOCK20/SES2015/0202015014_h_00.WAV,0,30-35,M,CAR_B,f6,r1,80-90,170-180,N,light
BLOCK20/SES2015/0202015015_h_00.WAV,0,30-35,M,CAR_B,f6,r1,80-90,170-180,N,light
BLOCK20/SES2015/0202015016_h_00.WAV,0,30-35,M,CAR_B,f6,r1,80-90,170-180,N,light
BLOCK20/SES2015/0202015017_h_00.WAV,0,30-35,M,CAR_B,f6,r1,80-90,170-180,N,light
BLOCK20/SES2015/0202015018_h_00.WAV,0,30-35,M,CAR_B,f6,r1,80-90,170-180,N,light
BLOCK20/SES2015/0202015019_h_00.WAV,0,30-35,M,CAR_B,f6,r1,80-90,170-180,N,light
BLOCK20/SES2015/0202015020_h_00.WAV,0,30-35,M,CAR_B,f6,r1,80-90,170-180,N,light
BLOCK20/SES2015/0202015021_h_01.WAV,0,30-35,M,CAR_B,f6,r1,80-90,170-180,N,light
BLOCK20/SES2015/0202015022_h_01.WAV,0,30-35,M,CAR_B,f6,r1,80-90,170-180,N,light
BLOCK20/SES2015/0202015023_h_00.WAV,0,30-35,M,CAR_B,f6,r1,80-90,170-180,N,light
BLOCK20/SES2015/0202015024_h_00.WAV,0,30-35,M,CAR_B,f6,r1,80-90,170-180,N,light
BLOCK20/SES2015/0202015025_h_00.WAV,0,30-35,M,CAR_B,f6,r1,80-90,170-180,N,light
BLOCK20/SES2015/0202015026_h_00.WAV,0,30-35,M,CAR_B,f6,r1,80-90,170-180,N,light
BLOCK20/SES2015/0202015027_h_00.WAV,0,30-35,M,CAR_B,f6,r1,80-90,170-180,N,light
BLOCK20/SES2015/0202015028_h_00.WAV,0,30-35,M,CAR_B,f6,r1,80-90,170-180,N,light
BLOCK20/SES2015/0202015029_h_00.WAV,0,30-35,M,CAR_B,f6,r1,80-90,170-180,N,light
BLOCK20/SES2015/0202015030_h_00.WAV,0,30-35,M,CAR_B,f6,r1,80-90,170-180,N,light
BLOCK20/SES2015/0202015031_h_00.WAV,0,30-35,M,CAR_B,f6,r1,80-90,170-180,N,light
BLOCK20/SES2015/0202015032_h_00.WAV,0,30-35,M,CAR_B,f6,r1,80-90,170-180,N,light
BLOCK20/SES2015/0202015033_h_00.WAV,0,30-35,M,CAR_B,f6,r1,80-90,170-180,N,light
BLOCK20/SES2015/0202015034_h_00.WAV,0,30-35,M,CAR_B,f6,r1,80-90,170-180,N,light
BLOCK20/SES2015/0202015035_h_00.WAV,0,30-35,M,CAR_B,f6,r1,80-90,170-180,N,light
BLOCK20/SES2015/0202015036_h_00.WAV,0,30-35,M,CAR_B,f6,r1,80-90,170-180,N,light
BLOCK20/SES2015/0202015037_h_00.WAV,0,30-35,M,CAR_B,f6,r1,80-90,170-180,N,light
BLOCK20/SES2015/0202015038_h_00.WAV,0,30-35,M,CAR_B,f6,r1,80-90,170-180,N,light
BLOCK20/SES2015/0202015039_h_00.WAV,0,30-35,M,CAR_B,f6,r1,80-90,170-180,N,light
BLOCK20/SES2015/0202015040_h_00.WAV,0,30-35,M,CAR_B,f6,r1,80-90,170-180,N,light
BLOCK20/SES2015/0202015041_h_00.WAV,0,30-35,M,CAR_B,f6,r1,80-90,170-180,N,light
BLOCK20/SES2015/0202015042_h_00.WAV,0,30-35,M,CAR_B,f6,r1,80-90,170-180,N,light
BLOCK20/SES2015/0202015043_h_00.WAV,0,30-35,M,CAR_B,f6,r1,80-90,170-180,N,light
BLOCK20/SES2015/0202015044_h_00.WAV,0,30-35,M,CAR_B,f6,r1,80-90,170-180,N,light
BLOCK20/SES2015/0202015045_h_00.WAV,0,30-35,M,CAR_B,f6,r1,80-90,170-180,N,light
BLOCK20/SES2015/0202015046_h_00.WAV,0,30-35,M,CAR_B,f6,r1,80-90,170-180,N,light
BLOCK20/SES2015/0202015047_h_00.WAV,0,30-35,M,CAR_B,f6,r1,80-90,170-180,N,light
BLOCK20/SES2015/0202015048_h_00.WAV,0,30-35,M,CAR_B,f6,r1,80-90,170-180,N,light
BLOCK20/SES2015/0202015049_h_00.WAV,0,30-35,M,CAR_B,f6,r1,80-90,170-180,N,light
BLOCK20/SES2015/0202015050_h_00.WAV,0,30-35,M,CAR_B,f6,r1,80-90,170-180,N,light
BLOCK20/SES2015/0202015051_h_00.WAV,0,30-35,M,CAR_B,f6,r1,80-90,170-180,N,light
BLOCK20/SES2015/0202015052_h_00.WAV,0,30-35,M,CAR_B,f6,r1,80-90,170-180,N,light
BLOCK20/SES2015/0202015053_h_00.WAV,0,30-35,M,CAR_B,f6,r1,80-90,170-180,N,light
BLOCK20/SES2015/0202015054_h_00.WAV,0,30-35,M,CAR_B,f6,r1,80-90,170-180,N,light
BLOCK20/SES2015/0202015055_h_00.WAV,0,30-35,M,CAR_B,f6,r1,80-90,170-180,N,light
BLOCK20/SES2015/0202015056_h_00.WAV,0,30-35,M,CAR_B,f6,r1,80-90,170-180,N,light
BLOCK20/SES2015/0202015057_h_00.WAV,0,30-35,M,CAR_B,f6,r1,80-90,170-180,N,light
BLOCK20/SES2015/0202015058_h_00.WAV,0,30-35,M,CAR_B,f6,r1,80-90,170-180,N,light
BLOCK20/SES2015/0202015059_h_00.WAV,0,30-35,M,CAR_B,f6,r1,80-90,170-180,N,light
BLOCK20/SES2015/0202015060_h_00.WAV,0,30-35,M,CAR_B,f6,r1,80-90,170-180,N,light
BLOCK30/SES3044/5483044001_h_00.WAV,1,25-30,F,CAR_A,f5,r1,50-60,160-170,Y,light
BLOCK30/SES3044/5483044002_h_00.WAV,1,25-30,F,CAR_A,f5,r1,50-60,160-170,Y,light
BLOCK30/SES3044/5483044003_h_00.WAV,1,25-30,F,CAR_A,f5,r1,50-60,160-170,Y,light
BLOCK30/SES3044/5483044004_h_00.WAV,1,25-30,F,CAR_A,f5,r1,50-60,160-170,Y,light
BLOCK30/SES3044/5483044005_h_00.WAV,1,25-30,F,CAR_A,f5,r1,50-60,160-170,Y,light
BLOCK30/SES3044/5483044006_h_00.WAV,1,25-30,F,CAR_A,f5,r1,50-60,160-170,Y,light
BLOCK30/SES3044/5483044007_h_00.WAV,1,25-30,F,CAR_A,f5,r1,50-60,160-170,Y,light
BLOCK30/SES3044/5483044008_h_00.WAV,1,25-30,F,CAR_A,f5,r1,50-60,160-170,Y,light
BLOCK30/SES3044/5483044009_h_00.WAV,1,25-30,F,CAR_A,f5,r1,50-60,160-170,Y,light
BLOCK30/SES3044/5483044010_h_00.WAV,1,25-30,F,CAR_A,f5,r1,50-60,160-170,Y,light
BLOCK30/SES3044/5483044011_h_00.WAV,1,25-30,F,CAR_A,f5,r1,50-60,160-170,Y,light
BLOCK30/SES3044/5483044012_h_00.WAV,1,25-30,F,CAR_A,f5,r1,50-60,160-170,Y,light
BLOCK30/SES3044/5483044013_h_00.WAV,1,25-30,F,CAR_A,f5,r1,50-60,160-170,Y,light
BLOCK30/SES3044/5483044014_h_00.WAV,1,25-30,F,CAR_A,f5,r1,50-60,160-170,Y,light
BLOCK30/SES3044/5483044015_h_00.WAV,1,25-30,F,CAR_A,f5,r1,50-60,160-170,Y,light
BLOCK30/SES3044/5483044016_h_00.WAV,1,25-30,F,CAR_A,f5,r1,50-60,160-170,Y,light
BLOCK30/SES3044/5483044017_h_00.WAV,1,25-30,F,CAR_A,f5,r1,50-60,160-170,Y,light
BLOCK30/SES3044/5483044018_h_00.WAV,1,25-30,F,CAR_A,f5,r1,50-60,160-170,Y,light
BLOCK30/SES3044/5483044019_h_00.WAV,1,25-30,F,CAR_A,f5,r1,50-60,160-170,Y,light
BLOCK30/SES3044/5483044020_h_00.WAV,1,25-30,F,CAR_A,f5,r1,50-60,160-170,Y,light
BLOCK30/SES3044/5483044021_h_00.WAV,1,25-30,F,CAR_A,f5,r1,50-60,160-170,Y,light
BLOCK30/SES3044/5483044022_h_00.WAV,1,25-30,F,CAR_A,f5,r1,50-60,160-170,Y,light
BLOCK30/SES3044/5483044023_h_00.WAV,1,25-30,F,CAR_A,f5,r1,50-60,160-170,Y,light
BLOCK30/SES3044/5483044024_h_00.WAV,1,25-30,F,CAR_A,f5,r1,50-60,160-170,Y,light
BLOCK30/SES3044/5483044025_h_00.WAV,1,25-30,F,CAR_A,f5,r1,50-60,160-170,Y,light
BLOCK30/SES3044/5483044026_h_00.WAV,1,25-30,F,CAR_A,f5,r1,50-60,160-170,Y,light
BLOCK30/SES3044/5483044027_h_00.WAV,1,25-30,F,CAR_A,f5,r1,50-60,160-170,Y,light
BLOCK30/SES3044/5483044028_h_00.WAV,1,25-30,F,CAR_A,f5,r1,50-60,160-170,Y,light
BLOCK30/SES3044/5483044029_h_00.WAV,1,25-30,F,CAR_A,f5,r1,50-60,160-170,Y,light
BLOCK30/SES3044/5483044030_h_00.WAV,1,25-30,F,CAR_A,f5,r1,50-60,160-170,Y,light
BLOCK40/SES4034/5484034001_h_00.WAV,0,25-30,F,CAR_A,f5,r1,50-60,160-170,Y,light
BLOCK40/SES4034/5484034002_h_00.WAV,0,25-30,F,CAR_A,f5,r1,50-60,160-170,Y,light
BLOCK40/SES4034/5484034003_h_00.WAV,0,25-30,F,CAR_A,f5,r1,50-60,160-170,Y,light
BLOCK40/SES4034/5484034004_h_00.WAV,0,25-30,F,CAR_A,f5,r1,50-60,160-170,Y,light
BLOCK40/SES4034/5484034005_h_00.WAV,0,25-30,F,CAR_A,f5,r1,50-60,160-170,Y,light
BLOCK40/SES4034/5484034006_h_00.WAV,0,25-30,F,CAR_A,f5,r1,50-60,160-170,Y,light
BLOCK40/SES4034/5484034007_h_00.WAV,0,25-30,F,CAR_A,f5,r1,50-60,160-170,Y,light
BLOCK40/SES4034/5484034008_h_00.WAV,0,25-30,F,CAR_A,f5,r1,50-60,160-170,Y,light
BLOCK40/SES4034/5484034009_h_00.WAV,0,25-30,F,CAR_A,f5,r1,50-60,160-170,Y,light
BLOCK40/SES4034/5484034010_h_00.WAV,0,25-30,F,CAR_A,f5,r1,50-60,160-170,Y,light
BLOCK40/SES4034/5484034011_h_00.WAV,0,25-30,F,CAR_A,f5,r1,50-60,160-170,Y,light
BLOCK40/SES4034/5484034012_h_00.WAV,0,25-30,F,CAR_A,f5,r1,50-60,160-170,Y,light
BLOCK40/SES4034/5484034013_h_00.WAV,0,25-30,F,CAR_A,f5,r1,50-60,160-170,Y,light
BLOCK40/SES4034/5484034014_h_00.WAV,0,25-30,F,CAR_A,f5,r1,50-60,160-170,Y,light
BLOCK40/SES4034/5484034015_h_00.WAV,0,25-30,F,CAR_A,f5,r1,50-60,160-170,Y,light
BLOCK40/SES4034/5484034016_h_00.WAV,0,25-30,F,CAR_A,f5,r1,50-60,160-170,Y,light
BLOCK40/SES4034/5484034017_h_00.WAV,0,25-30,F,CAR_A,f5,r1,50-60,160-170,Y,light
BLOCK40/SES4034/5484034018_h_00.WAV,0,25-30,F,CAR_A,f5,r1,50-60,160-170,Y,light
BLOCK40/SES4034/5484034019_h_00.WAV,0,25-30,F,CAR_A,f5,r1,50-60,160-170,Y,light
BLOCK40/SES4034/5484034020_h_00.WAV,0,25-30,F,CAR_A,f5,r1,50-60,160-170,Y,light
BLOCK40/SES4034/5484034021_h_00.WAV,0,25-30,F,CAR_A,f5,r1,50-60,160-170,Y,light
BLOCK40/SES4034/5484034022_h_00.WAV,0,25-30,F,CAR_A,f5,r1,50-60,160-170,Y,light
BLOCK40/SES4034/5484034023_h_00.WAV,0,25-30,F,CAR_A,f5,r1,50-60,160-170,Y,light
BLOCK40/SES4034/5484034024_h_00.WAV,0,25-30,F,CAR_A,f5,r1,50-60,160-170,Y,light
BLOCK40/SES4034/5484034025_h_00.WAV,0,25-30,F,CAR_A,f5,r1,50-60,160-170,Y,light
BLOCK40/SES4034/5484034026_h_00.WAV,0,25-30,F,CAR_A,f5,r1,50-60,160-170,Y,light
BLOCK40/SES4034/5484034027_h_00.WAV,0,25-30,F,CAR_A,f5,r1,50-60,160-170,Y,light
BLOCK40/SES4034/5484034028_h_00.WAV,0,25-30,F,CAR_A,f5,r1,50-60,160-170,Y,light
BLOCK40/SES4034/5484034029_h_01.WAV,0,25-30,F,CAR_A,f5,r1,50-60,160-170,Y,light
BLOCK40/SES4034/5484034030_h_00.WAV,0,25-30,F,CAR_A,f5,r1,50-60,160-170,Y,light
BLOCK40/SES4034/5484034031_h_00.WAV,0,25-30,F,CAR_A,f5,r1,50-60,160-170,Y,light
BLOCK40/SES4034/5484034032_h_00.WAV,0,25-30,F,CAR_A,f5,r1,50-60,160-170,Y,light
BLOCK40/SES4034/5484034033_h_00.WAV,0,25-30,F,CAR_A,f5,r1,50-60,160-170,Y,light
BLOCK40/SES4034/5484034034_h_00.WAV,0,25-30,F,CAR_A,f5,r1,50-60,160-170,Y,light
BLOCK40/SES4034/5484034035_h_00.WAV,0,25-30,F,CAR_A,f5,r1,50-60,160-170,Y,light
BLOCK40/SES4034/5484034036_h_00.WAV,0,25-30,F,CAR_A,f5,r1,50-60,160-170,Y,light
BLOCK40/SES4034/5484034037_h_00.WAV,0,25-30,F,CAR_A,f5,r1,50-60,160-170,Y,light
BLOCK40/SES4034/5484034038_h_00.WAV,0,25-30,F,CAR_A,f5,r1,50-60,160-170,Y,light
BLOCK40/SES4034/5484034039_h_00.WAV,0,25-30,F,CAR_A,f5,r1,50-60,160-170,Y,light
BLOCK40/SES4034/5484034040_h_00.WAV,0,25-30,F,CAR_A,f5,r1,50-60,160-170,Y,light
BLOCK40/SES4034/5484034041_h_00.WAV,0,25-30,F,CAR_A,f5,r1,50-60,160-170,Y,light
BLOCK40/SES4034/5484034042_h_00.WAV,0,25-30,F,CAR_A,f5,r1,50-60,160-170,Y,light
BLOCK40/SES4034/5484034043_h_00.WAV,0,25-30,F,CAR_A,f5,r1,50-60,160-170,Y,light
BLOCK40/SES4034/5484034044_h_00.WAV,0,25-30,F,CAR_A,f5,r1,50-60,160-170,Y,light
BLOCK40/SES4034/5484034045_h_00.WAV,0,25-30,F,CAR_A,f5,r1,50-60,160-170,Y,light
BLOCK40/SES4034/5484034046_h_00.WAV,0,25-30,F,CAR_A,f5,r1,50-60,160-170,Y,light
BLOCK40/SES4034/5484034047_h_00.WAV,0,25-30,F,CAR_A,f5,r1,50-60,160-170,Y,light
BLOCK40/SES4034/5484034048_h_00.WAV,0,25-30,F,CAR_A,f5,r1,50-60,160-170,Y,light
BLOCK40/SES4034/5484034049_h_00.WAV,0,25-30,F,CAR_A,f5,r1,50-60,160-170,Y,light
BLOCK40/SES4034/5484034050_h_00.WAV,0,25-30,F,CAR_A,f5,r1,50-60,160-170,Y,light
BLOCK40/SES4034/5484034051_h_00.WAV,0,25-30,F,CAR_A,f5,r1,50-60,160-170,Y,light
BLOCK40/SES4034/5484034052_h_00.WAV,0,25-30,F,CAR_A,f5,r1,50-60,160-170,Y,light
BLOCK40/SES4034/5484034053_h_00.WAV,0,25-30,F,CAR_A,f5,r1,50-60,160-170,Y,light
BLOCK40/SES4034/5484034054_h_00.WAV,0,25-30,F,CAR_A,f5,r1,50-60,160-170,Y,light
BLOCK40/SES4034/5484034055_h_00.WAV,0,25-30,F,CAR_A,f5,r1,50-60,160-170,Y,light
BLOCK40/SES4034/5484034056_h_00.WAV,0,25-30,F,CAR_A,f5,r1,50-60,160-170,Y,light
BLOCK40/SES4034/5484034057_h_00.WAV,0,25-30,F,CAR_A,f5,r1,50-60,160-170,Y,light
BLOCK40/SES4034/5484034058_h_00.WAV,0,25-30,F,CAR_A,f5,r1,50-60,160-170,Y,light
BLOCK40/SES4034/5484034059_h_00.WAV,0,25-30,F,CAR_A,f5,r1,50-60,160-170,Y,light
BLOCK40/SES4034/5484034060_h_00.WAV,0,25-30,F,CAR_A,f5,r1,50-60,160-170,Y,light
BLOCK10/SES1088/0871088001_h_00.WAV,1,50-55,M,CAR_B,f1,r1,90-100,180-190,N,moderate
BLOCK10/SES1088/0871088002_h_00.WAV,1,50-55,M,CAR_B,f1,r1,90-100,180-190,N,moderate
BLOCK10/SES1088/0871088003_h_00.WAV,1,50-55,M,CAR_B,f1,r1,90-100,180-190,N,moderate
BLOCK10/SES1088/0871088004_h_00.WAV,1,50-55,M,CAR_B,f1,r1,90-100,180-190,N,moderate
BLOCK10/SES1088/0871088005_h_00.WAV,1,50-55,M,CAR_B,f1,r1,90-100,180-190,N,moderate
BLOCK10/SES1088/0871088006_h_00.WAV,1,50-55,M,CAR_B,f1,r1,90-100,180-190,N,moderate
BLOCK10/SES1088/0871088007_h_00.WAV,1,50-55,M,CAR_B,f1,r1,90-100,180-190,N,moderate
BLOCK10/SES1088/0871088008_h_00.WAV,1,50-55,M,CAR_B,f1,r1,90-100,180-190,N,moderate
BLOCK10/SES1088/0871088009_h_00.WAV,1,50-55,M,CAR_B,f1,r1,90-100,180-190,N,moderate
BLOCK10/SES1088/0871088010_h_00.WAV,1,50-55,M,CAR_B,f1,r1,90-100,180-190,N,moderate
BLOCK10/SES1088/0871088011_h_00.WAV,1,50-55,M,CAR_B,f1,r1,90-100,180-190,N,moderate
BLOCK10/SES1088/0871088012_h_00.WAV,1,50-55,M,CAR_B,f1,r1,90-100,180-190,N,moderate
BLOCK10/SES1088/0871088013_h_00.WAV,1,50-55,M,CAR_B,f1,r1,90-100,180-190,N,moderate
BLOCK10/SES1088/0871088014_h_00.WAV,1,50-55,M,CAR_B,f1,r1,90-100,180-190,N,moderate
BLOCK10/SES1088/0871088015_h_00.WAV,1,50-55,M,CAR_B,f1,r1,90-100,180-190,N,moderate
BLOCK10/SES1088/0871088016_h_00.WAV,1,50-55,M,CAR_B,f1,r1,90-100,180-190,N,moderate
BLOCK10/SES1088/0871088017_h_00.WAV,1,50-55,M,CAR_B,f1,r1,90-100,180-190,N,moderate
BLOCK10/SES1088/0871088018_h_00.WAV,1,50-55,M,CAR_B,f1,r1,90-100,180-190,N,moderate
BLOCK10/SES1088/0871088019_h_00.WAV,1,50-55,M,CAR_B,f1,r1,90-100,180-190,N,moderate
BLOCK10/SES1088/0871088020_h_00.WAV,1,50-55,M,CAR_B,f1,r1,90-100,180-190,N,moderate
BLOCK10/SES1088/0871088021_h_00.WAV,1,50-55,M,CAR_B,f1,r1,90-100,180-190,N,moderate
BLOCK10/SES1088/0871088022_h_00.WAV,1,50-55,M,CAR_B,f1,r1,90-100,180-190,N,moderate
BLOCK10/SES1088/0871088023_h_01.WAV,1,50-55,M,CAR_B,f1,r1,90-100,180-190,N,moderate
BLOCK10/SES1088/0871088024_h_00.WAV,1,50-55,M,CAR_B,f1,r1,90-100,180-190,N,moderate
BLOCK10/SES1088/0871088025_h_00.WAV,1,50-55,M,CAR_B,f1,r1,90-100,180-190,N,moderate
BLOCK10/SES1088/0871088026_h_00.WAV,1,50-55,M,CAR_B,f1,r1,90-100,180-190,N,moderate
BLOCK10/SES1088/0871088027_h_00.WAV,1,50-55,M,CAR_B,f1,r1,90-100,180-190,N,moderate
BLOCK10/SES1088/0871088028_h_00.WAV,1,50-55,M,CAR_B,f1,r1,90-100,180-190,N,moderate
BLOCK10/SES1088/0871088029_h_00.WAV,1,50-55,M,CAR_B,f1,r1,90-100,180-190,N,moderate
BLOCK10/SES1088/0871088030_h_00.WAV,1,50-55,M,CAR_B,f1,r1,90-100,180-190,N,moderate
BLOCK20/SES2077/0872077001_h_00.WAV,0,50-55,M,CAR_B,f1,r1,90-100,180-190,N,moderate
BLOCK20/SES2077/0872077002_h_00.WAV,0,50-55,M,CAR_B,f1,r1,90-100,180-190,N,moderate
BLOCK20/SES2077/0872077003_h_00.WAV,0,50-55,M,CAR_B,f1,r1,90-100,180-190,N,moderate
BLOCK20/SES2077/0872077004_h_00.WAV,0,50-55,M,CAR_B,f1,r1,90-100,180-190,N,moderate
BLOCK20/SES2077/0872077005_h_00.WAV,0,50-55,M,CAR_B,f1,r1,90-100,180-190,N,moderate
BLOCK20/SES2077/0872077006_h_00.WAV,0,50-55,M,CAR_B,f1,r1,90-100,180-190,N,moderate
BLOCK20/SES2077/0872077007_h_00.WAV,0,50-55,M,CAR_B,f1,r1,90-100,180-190,N,moderate
BLOCK20/SES2077/0872077008_h_00.WAV,0,50-55,M,CAR_B,f1,r1,90-100,180-190,N,moderate
BLOCK20/SES2077/0872077009_h_00.WAV,0,50-55,M,CAR_B,f1,r1,90-100,180-190,N,moderate
BLOCK20/SES2077/0872077010_h_00.WAV,0,50-55,M,CAR_B,f1,r1,90-100,180-190,N,moderate
BLOCK20/SES2077/0872077011_h_00.WAV,0,50-55,M,CAR_B,f1,r1,90-100,180-190,N,moderate
BLOCK20/SES2077/0872077012_h_00.WAV,0,50-55,M,CAR_B,f1,r1,90-100,180-190,N,moderate
BLOCK20/SES2077/0872077013_h_00.WAV,0,50-55,M,CAR_B,f1,r1,90-100,180-190,N,moderate
BLOCK20/SES2077/0872077014_h_00.WAV,0,50-55,M,CAR_B,f1,r1,90-100,180-190,N,moderate
BLOCK20/SES2077/0872077015_h_00.WAV,0,50-55,M,CAR_B,f1,r1,90-100,180-190,N,moderate
BLOCK20/SES2077/0872077016_h_00.WAV,0,50-55,M,CAR_B,f1,r1,90-100,180-190,N,moderate
BLOCK20/SES2077/0872077017_h_00.WAV,0,50-55,M,CAR_B,f1,r1,90-100,180-190,N,moderate
BLOCK20/SES2077/0872077018_h_00.WAV,0,50-55,M,CAR_B,f1,r1,90-100,180-190,N,moderate
BLOCK20/SES2077/0872077019_h_00.WAV,0,50-55,M,CAR_B,f1,r1,90-100,180-190,N,moderate
BLOCK20/SES2077/0872077020_h_00.WAV,0,50-55,M,CAR_B,f1,r1,90-100,180-190,N,moderate
BLOCK20/SES2077/0872077021_h_00.WAV,0,50-55,M,CAR_B,f1,r1,90-100,180-190,N,moderate
BLOCK20/SES2077/0872077022_h_00.WAV,0,50-55,M,CAR_B,f1,r1,90-100,180-190,N,moderate
BLOCK20/SES2077/0872077023_h_00.WAV,0,50-55,M,CAR_B,f1,r1,90-100,180-190,N,moderate
BLOCK20/SES2077/0872077024_h_00.WAV,0,50-55,M,CAR_B,f1,r1,90-100,180-190,N,moderate
BLOCK20/SES2077/0872077025_h_00.WAV,0,50-55,M,CAR_B,f1,r1,90-100,180-190,N,moderate
BLOCK20/SES2077/0872077026_h_00.WAV,0,50-55,M,CAR_B,f1,r1,90-100,180-190,N,moderate
BLOCK20/SES2077/0872077027_h_00.WAV,0,50-55,M,CAR_B,f1,r1,90-100,180-190,N,moderate
BLOCK20/SES2077/0872077028_h_00.WAV,0,50-55,M,CAR_B,f1,r1,90-100,180-190,N,moderate
BLOCK20/SES2077/0872077029_h_00.WAV,0,50-55,M,CAR_B,f1,r1,90-100,180-190,N,moderate
BLOCK20/SES2077/0872077030_h_00.WAV,0,50-55,M,CAR_B,f1,r1,90-100,180-190,N,moderate
BLOCK20/SES2077/0872077031_h_00.WAV,0,50-55,M,CAR_B,f1,r1,90-100,180-190,N,moderate
BLOCK20/SES2077/0872077032_h_00.WAV,0,50-55,M,CAR_B,f1,r1,90-100,180-190,N,moderate
BLOCK20/SES2077/0872077033_h_00.WAV,0,50-55,M,CAR_B,f1,r1,90-100,180-190,N,moderate
BLOCK20/SES2077/0872077034_h_00.WAV,0,50-55,M,CAR_B,f1,r1,90-100,180-190,N,moderate
BLOCK20/SES2077/0872077035_h_00.WAV,0,50-55,M,CAR_B,f1,r1,90-100,180-190,N,moderate
BLOCK20/SES2077/0872077036_h_00.WAV,0,50-55,M,CAR_B,f1,r1,90-100,180-190,N,moderate
BLOCK20/SES2077/0872077037_h_00.WAV,0,50-55,M,CAR_B,f1,r1,90-100,180-190,N,moderate
BLOCK20/SES2077/0872077038_h_00.WAV,0,50-55,M,CAR_B,f1,r1,90-100,180-190,N,moderate
BLOCK20/SES2077/0872077039_h_00.WAV,0,50-55,M,CAR_B,f1,r1,90-100,180-190,N,moderate
BLOCK20/SES2077/0872077040_h_00.WAV,0,50-55,M,CAR_B,f1,r1,90-100,180-190,N,moderate
BLOCK20/SES2077/0872077041_h_00.WAV,0,50-55,M,CAR_B,f1,r1,90-100,180-190,N,moderate
BLOCK20/SES2077/0872077042_h_00.WAV,0,50-55,M,CAR_B,f1,r1,90-100,180-190,N,moderate
BLOCK20/SES2077/0872077043_h_00.WAV,0,50-55,M,CAR_B,f1,r1,90-100,180-190,N,moderate
BLOCK20/SES2077/0872077044_h_00.WAV,0,50-55,M,CAR_B,f1,r1,90-100,180-190,N,moderate
BLOCK20/SES2077/0872077045_h_00.WAV,0,50-55,M,CAR_B,f1,r1,90-100,180-190,N,moderate
BLOCK20/SES2077/0872077046_h_00.WAV,0,50-55,M,CAR_B,f1,r1,90-100,180-190,N,moderate
BLOCK20/SES2077/0872077047_h_00.WAV,0,50-55,M,CAR_B,f1,r1,90-100,180-190,N,moderate
BLOCK20/SES2077/0872077048_h_00.WAV,0,50-55,M,CAR_B,f1,r1,90-100,180-190,N,moderate
BLOCK20/SES2077/0872077049_h_00.WAV,0,50-55,M,CAR_B,f1,r1,90-100,180-190,N,moderate
BLOCK20/SES2077/0872077050_h_00.WAV,0,50-55,M,CAR_B,f1,r1,90-100,180-190,N,moderate
BLOCK20/SES2077/0872077051_h_00.WAV,0,50-55,M,CAR_B,f1,r1,90-100,180-190,N,moderate
BLOCK20/SES2077/0872077052_h_00.WAV,0,50-55,M,CAR_B,f1,r1,90-100,180-190,N,moderate
BLOCK20/SES2077/0872077053_h_00.WAV,0,50-55,M,CAR_B,f1,r1,90-100,180-190,N,moderate
BLOCK20/SES2077/0872077054_h_00.WAV,0,50-55,M,CAR_B,f1,r1,90-100,180-190,N,moderate
BLOCK20/SES2077/0872077055_h_00.WAV,0,50-55,M,CAR_B,f1,r1,90-100,180-190,N,moderate
BLOCK20/SES2077/0872077056_h_00.WAV,0,50-55,M,CAR_B,f1,r1,90-100,180-190,N,moderate
BLOCK20/SES2077/0872077057_h_00.WAV,0,50-55,M,CAR_B,f1,r1,90-100,180-190,N,moderate
BLOCK20/SES2077/0872077058_h_00.WAV,0,50-55,M,CAR_B,f1,r1,90-100,180-190,N,moderate
BLOCK20/SES2077/0872077059_h_00.WAV,0,50-55,M,CAR_B,f1,r1,90-100,180-190,N,moderate
BLOCK20/SES2077/0872077060_h_00.WAV,0,50-55,M,CAR_B,f1,r1,90-100,180-190,N,moderate
BLOCK10/SES1083/0821083001_h_00.WAV,0,25-30,F,CAR_B,f1,r1,70-80,170-180,N,moderate
BLOCK10/SES1083/0821083002_h_00.WAV,0,25-30,F,CAR_B,f1,r1,70-80,170-180,N,moderate
BLOCK10/SES1083/0821083003_h_00.WAV,0,25-30,F,CAR_B,f1,r1,70-80,170-180,N,moderate
BLOCK10/SES1083/0821083004_h_00.WAV,0,25-30,F,CAR_B,f1,r1,70-80,170-180,N,moderate
BLOCK10/SES1083/0821083005_h_00.WAV,0,25-30,F,CAR_B,f1,r1,70-80,170-180,N,moderate
BLOCK10/SES1083/0821083006_h_00.WAV,0,25-30,F,CAR_B,f1,r1,70-80,170-180,N,moderate
BLOCK10/SES1083/0821083007_h_00.WAV,0,25-30,F,CAR_B,f1,r1,70-80,170-180,N,moderate
BLOCK10/SES1083/0821083008_h_00.WAV,0,25-30,F,CAR_B,f1,r1,70-80,170-180,N,moderate
BLOCK10/SES1083/0821083009_h_00.WAV,0,25-30,F,CAR_B,f1,r1,70-80,170-180,N,moderate
BLOCK10/SES1083/0821083010_h_00.WAV,0,25-30,F,CAR_B,f1,r1,70-80,170-180,N,moderate
BLOCK10/SES1083/0821083011_h_00.WAV,0,25-30,F,CAR_B,f1,r1,70-80,170-180,N,moderate
BLOCK10/SES1083/0821083012_h_00.WAV,0,25-30,F,CAR_B,f1,r1,70-80,170-180,N,moderate
BLOCK10/SES1083/0821083013_h_00.WAV,0,25-30,F,CAR_B,f1,r1,70-80,170-180,N,moderate
BLOCK10/SES1083/0821083014_h_00.WAV,0,25-30,F,CAR_B,f1,r1,70-80,170-180,N,moderate
BLOCK10/SES1083/0821083015_h_00.WAV,0,25-30,F,CAR_B,f1,r1,70-80,170-180,N,moderate
BLOCK10/SES1083/0821083016_h_00.WAV,0,25-30,F,CAR_B,f1,r1,70-80,170-180,N,moderate
BLOCK10/SES1083/0821083017_h_00.WAV,0,25-30,F,CAR_B,f1,r1,70-80,170-180,N,moderate
BLOCK10/SES1083/0821083018_h_00.WAV,0,25-30,F,CAR_B,f1,r1,70-80,170-180,N,moderate
BLOCK10/SES1083/0821083019_h_00.WAV,0,25-30,F,CAR_B,f1,r1,70-80,170-180,N,moderate
BLOCK10/SES1083/0821083020_h_00.WAV,0,25-30,F,CAR_B,f1,r1,70-80,170-180,N,moderate
BLOCK10/SES1083/0821083021_h_00.WAV,0,25-30,F,CAR_B,f1,r1,70-80,170-180,N,moderate
BLOCK10/SES1083/0821083022_h_00.WAV,0,25-30,F,CAR_B,f1,r1,70-80,170-180,N,moderate
BLOCK10/SES1083/0821083023_h_00.WAV,0,25-30,F,CAR_B,f1,r1,70-80,170-180,N,moderate
BLOCK10/SES1083/0821083024_h_00.WAV,0,25-30,F,CAR_B,f1,r1,70-80,170-180,N,moderate
BLOCK10/SES1083/0821083025_h_00.WAV,0,25-30,F,CAR_B,f1,r1,70-80,170-180,N,moderate
BLOCK10/SES1083/0821083026_h_00.WAV,0,25-30,F,CAR_B,f1,r1,70-80,170-180,N,moderate
BLOCK10/SES1083/0821083027_h_00.WAV,0,25-30,F,CAR_B,f1,r1,70-80,170-180,N,moderate
BLOCK10/SES1083/0821083028_h_00.WAV,0,25-30,F,CAR_B,f1,r1,70-80,170-180,N,moderate
BLOCK10/SES1083/0821083029_h_00.WAV,0,25-30,F,CAR_B,f1,r1,70-80,170-180,N,moderate
BLOCK10/SES1083/0821083030_h_00.WAV,0,25-30,F,CAR_B,f1,r1,70-80,170-180,N,moderate
BLOCK20/SES2063/0822063001_h_00.WAV,0,25-30,F,CAR_B,f5,r1,70-80,170-180,N,moderate
BLOCK20/SES2063/0822063002_h_00.WAV,0,25-30,F,CAR_B,f5,r1,70-80,170-180,N,moderate
BLOCK20/SES2063/0822063003_h_00.WAV,0,25-30,F,CAR_B,f5,r1,70-80,170-180,N,moderate
BLOCK20/SES2063/0822063004_h_00.WAV,0,25-30,F,CAR_B,f5,r1,70-80,170-180,N,moderate
BLOCK20/SES2063/0822063005_h_00.WAV,0,25-30,F,CAR_B,f5,r1,70-80,170-180,N,moderate
BLOCK20/SES2063/0822063006_h_00.WAV,0,25-30,F,CAR_B,f5,r1,70-80,170-180,N,moderate
BLOCK20/SES2063/0822063007_h_00.WAV,0,25-30,F,CAR_B,f5,r1,70-80,170-180,N,moderate
BLOCK20/SES2063/0822063008_h_00.WAV,0,25-30,F,CAR_B,f5,r1,70-80,170-180,N,moderate
BLOCK20/SES2063/0822063009_h_00.WAV,0,25-30,F,CAR_B,f5,r1,70-80,170-180,N,moderate
BLOCK20/SES2063/0822063010_h_00.WAV,0,25-30,F,CAR_B,f5,r1,70-80,170-180,N,moderate
BLOCK20/SES2063/0822063011_h_00.WAV,0,25-30,F,CAR_B,f5,r1,70-80,170-180,N,moderate
BLOCK20/SES2063/0822063012_h_00.WAV,0,25-30,F,CAR_B,f5,r1,70-80,170-180,N,moderate
BLOCK20/SES2063/0822063013_h_00.WAV,0,25-30,F,CAR_B,f5,r1,70-80,170-180,N,moderate
BLOCK20/SES2063/0822063014_h_00.WAV,0,25-30,F,CAR_B,f5,r1,70-80,170-180,N,moderate
BLOCK20/SES2063/0822063015_h_00.WAV,0,25-30,F,CAR_B,f5,r1,70-80,170-180,N,moderate
BLOCK20/SES2063/0822063016_h_00.WAV,0,25-30,F,CAR_B,f5,r1,70-80,170-180,N,moderate
BLOCK20/SES2063/0822063017_h_00.WAV,0,25-30,F,CAR_B,f5,r1,70-80,170-180,N,moderate
BLOCK20/SES2063/0822063018_h_00.WAV,0,25-30,F,CAR_B,f5,r1,70-80,170-180,N,moderate
BLOCK20/SES2063/0822063019_h_00.WAV,0,25-30,F,CAR_B,f5,r1,70-80,170-180,N,moderate
BLOCK20/SES2063/0822063020_h_00.WAV,0,25-30,F,CAR_B,f5,r1,70-80,170-180,N,moderate
BLOCK20/SES2063/0822063021_h_00.WAV,0,25-30,F,CAR_B,f5,r1,70-80,170-180,N,moderate
BLOCK20/SES2063/0822063022_h_00.WAV,0,25-30,F,CAR_B,f5,r1,70-80,170-180,N,moderate
BLOCK20/SES2063/0822063023_h_00.WAV,0,25-30,F,CAR_B,f5,r1,70-80,170-180,N,moderate
BLOCK20/SES2063/0822063024_h_00.WAV,0,25-30,F,CAR_B,f5,r1,70-80,170-180,N,moderate
BLOCK20/SES2063/0822063025_h_00.WAV,0,25-30,F,CAR_B,f5,r1,70-80,170-180,N,moderate
BLOCK20/SES2063/0822063026_h_00.WAV,0,25-30,F,CAR_B,f5,r1,70-80,170-180,N,moderate
BLOCK20/SES2063/0822063027_h_00.WAV,0,25-30,F,CAR_B,f5,r1,70-80,170-180,N,moderate
BLOCK20/SES2063/0822063028_h_00.WAV,0,25-30,F,CAR_B,f5,r1,70-80,170-180,N,moderate
BLOCK20/SES2063/0822063029_h_00.WAV,0,25-30,F,CAR_B,f5,r1,70-80,170-180,N,moderate
BLOCK20/SES2063/0822063030_h_00.WAV,0,25-30,F,CAR_B,f5,r1,70-80,170-180,N,moderate
BLOCK20/SES2063/0822063031_h_00.WAV,0,25-30,F,CAR_B,f5,r1,70-80,170-180,N,moderate
BLOCK20/SES2063/0822063032_h_00.WAV,0,25-30,F,CAR_B,f5,r1,70-80,170-180,N,moderate
BLOCK20/SES2063/0822063033_h_00.WAV,0,25-30,F,CAR_B,f5,r1,70-80,170-180,N,moderate
BLOCK20/SES2063/0822063034_h_00.WAV,0,25-30,F,CAR_B,f5,r1,70-80,170-180,N,moderate
BLOCK20/SES2063/0822063035_h_00.WAV,0,25-30,F,CAR_B,f5,r1,70-80,170-180,N,moderate
BLOCK20/SES2063/0822063036_h_00.WAV,0,25-30,F,CAR_B,f5,r1,70-80,170-180,N,moderate
BLOCK20/SES2063/0822063037_h_00.WAV,0,25-30,F,CAR_B,f5,r1,70-80,170-180,N,moderate
BLOCK20/SES2063/0822063038_h_00.WAV,0,25-30,F,CAR_B,f5,r1,70-80,170-180,N,moderate
BLOCK20/SES2063/0822063039_h_00.WAV,0,25-30,F,CAR_B,f5,r1,70-80,170-180,N,moderate
BLOCK20/SES2063/0822063040_h_00.WAV,0,25-30,F,CAR_B,f5,r1,70-80,170-180,N,moderate
BLOCK20/SES2063/0822063041_h_00.WAV,0,25-30,F,CAR_B,f5,r1,70-80,170-180,N,moderate
BLOCK20/SES2063/0822063042_h_00.WAV,0,25-30,F,CAR_B,f5,r1,70-80,170-180,N,moderate
BLOCK20/SES2063/0822063043_h_00.WAV,0,25-30,F,CAR_B,f5,r1,70-80,170-180,N,moderate
BLOCK20/SES2063/0822063044_h_00.WAV,0,25-30,F,CAR_B,f5,r1,70-80,170-180,N,moderate
BLOCK20/SES2063/0822063045_h_00.WAV,0,25-30,F,CAR_B,f5,r1,70-80,170-180,N,moderate
BLOCK20/SES2063/0822063046_h_00.WAV,0,25-30,F,CAR_B,f5,r1,70-80,170-180,N,moderate
BLOCK20/SES2063/0822063047_h_00.WAV,0,25-30,F,CAR_B,f5,r1,70-80,170-180,N,moderate
BLOCK20/SES2063/0822063048_h_00.WAV,0,25-30,F,CAR_B,f5,r1,70-80,170-180,N,moderate
BLOCK20/SES2063/0822063049_h_00.WAV,0,25-30,F,CAR_B,f5,r1,70-80,170-180,N,moderate
BLOCK20/SES2063/0822063050_h_00.WAV,0,25-30,F,CAR_B,f5,r1,70-80,170-180,N,moderate
BLOCK20/SES2063/0822063051_h_00.WAV,0,25-30,F,CAR_B,f5,r1,70-80,170-180,N,moderate
BLOCK20/SES2063/0822063052_h_00.WAV,0,25-30,F,CAR_B,f5,r1,70-80,170-180,N,moderate
BLOCK20/SES2063/0822063053_h_00.WAV,0,25-30,F,CAR_B,f5,r1,70-80,170-180,N,moderate
BLOCK20/SES2063/0822063054_h_00.WAV,0,25-30,F,CAR_B,f5,r1,70-80,170-180,N,moderate
BLOCK20/SES2063/0822063055_h_00.WAV,0,25-30,F,CAR_B,f5,r1,70-80,170-180,N,moderate
BLOCK20/SES2063/0822063056_h_00.WAV,0,25-30,F,CAR_B,f5,r1,70-80,170-180,N,moderate
BLOCK20/SES2063/0822063057_h_00.WAV,0,25-30,F,CAR_B,f5,r1,70-80,170-180,N,moderate
BLOCK20/SES2063/0822063058_h_00.WAV,0,25-30,F,CAR_B,f5,r1,70-80,170-180,N,moderate
BLOCK20/SES2063/0822063059_h_00.WAV,0,25-30,F,CAR_B,f5,r1,70-80,170-180,N,moderate
BLOCK20/SES2063/0822063060_h_00.WAV,0,25-30,F,CAR_B,f5,r1,70-80,170-180,N,moderate